HEADER_TIME_STAMP,X_ACCELERATION_METERS_PER_SECOND_SQUARED,Y_ACCELERATION_METERS_PER_SECOND_SQUARED,Z_ACCELERATION_METERS_PER_SECOND_SQUARED
2014-12-12 11:57:00.000,-0.213,-0.201,-1.217
2014-12-12 11:57:00.034,0.025,0.004,-1.03
2014-12-12 11:57:00.067,0.025,0.013,-1.026
2014-12-12 11:57:00.100,0.025,0.013,-1.026
2014-12-12 11:57:00.134,0.025,0.013,-1.026
2014-12-12 11:57:00.167,0.025,0.013,-1.026
2014-12-12 11:57:00.200,0.025,0.013,-1.026
2014-12-12 11:57:00.234,0.025,0.013,-1.026
2014-12-12 11:57:00.267,0.025,0.013,-1.026
2014-12-12 11:57:00.300,0.025,0.013,-1.026
2014-12-12 11:57:00.334,0.025,0.013,-1.026
2014-12-12 11:57:00.367,0.025,0.013,-1.026
2014-12-12 11:57:00.400,0.025,0.013,-1.026
2014-12-12 11:57:00.434,0.025,0.013,-1.026
2014-12-12 11:57:00.467,0.025,0.013,-1.026
2014-12-12 11:57:00.500,0.025,0.013,-1.022
2014-12-12 11:57:00.534,0.025,0.013,-1.026
2014-12-12 11:57:00.567,0.025,0.013,-1.026
2014-12-12 11:57:00.600,0.025,0.013,-1.026
2014-12-12 11:57:00.634,0.025,0.013,-1.022
2014-12-12 11:57:00.667,0.025,0.013,-1.026
2014-12-12 11:57:00.700,0.025,0.013,-1.026
2014-12-12 11:57:00.734,0.025,0.013,-1.026
2014-12-12 11:57:00.767,0.025,0.013,-1.026
2014-12-12 11:57:00.800,0.025,0.013,-1.026
2014-12-12 11:57:00.834,0.025,0.013,-1.026
2014-12-12 11:57:00.867,0.033,0.013,-1.026
2014-12-12 11:57:00.900,0.025,0.013,-1.026
2014-12-12 11:57:00.934,0.033,0.013,-1.026
2014-12-12 11:57:00.967,0.025,0.013,-1.022
2014-12-12 11:57:01.000,0.025,0.013,-1.022
2014-12-12 11:57:01.034,0.025,0.013,-1.026
2014-12-12 11:57:01.067,0.025,0.013,-1.026
2014-12-12 11:57:01.100,0.025,0.013,-1.026
2014-12-12 11:57:01.134,0.025,0.013,-1.026
2014-12-12 11:57:01.167,0.025,0.013,-1.026
2014-12-12 11:57:01.200,0.025,0.013,-1.026
2014-12-12 11:57:01.234,0.025,0.013,-1.026
2014-12-12 11:57:01.267,0.025,0.013,-1.026
2014-12-12 11:57:01.300,0.025,0.013,-1.022
2014-12-12 11:57:01.334,0.025,0.013,-1.026
2014-12-12 11:57:01.367,0.033,0.013,-1.026
2014-12-12 11:57:01.400,0.025,0.013,-1.026
2014-12-12 11:57:01.434,0.025,0.013,-1.026
2014-12-12 11:57:01.467,0.025,0.013,-1.026
2014-12-12 11:57:01.500,0.025,0.013,-1.026
2014-12-12 11:57:01.534,0.025,0.013,-1.022
2014-12-12 11:57:01.567,0.025,0.013,-1.026
2014-12-12 11:57:01.600,0.025,0.013,-1.026
2014-12-12 11:57:01.634,0.033,0.013,-1.026
2014-12-12 11:57:01.667,0.025,0.013,-1.013
2014-12-12 11:57:01.700,0.025,0.013,-1.022
2014-12-12 11:57:01.734,0.025,0.013,-1.026
2014-12-12 11:57:01.767,0.025,0.013,-1.026
2014-12-12 11:57:01.800,0.025,0.013,-1.026
2014-12-12 11:57:01.834,0.025,0.013,-1.026
2014-12-12 11:57:01.867,0.025,0.013,-1.022
2014-12-12 11:57:01.900,0.033,0.013,-1.026
2014-12-12 11:57:01.934,0.025,0.013,-1.026
2014-12-12 11:57:01.967,0.033,0.013,-1.026
2014-12-12 11:57:02.000,0.025,0.013,-1.022
2014-12-12 11:57:02.034,0.033,0.013,-1.026
2014-12-12 11:57:02.067,0.025,0.013,-1.026
2014-12-12 11:57:02.100,0.033,0.013,-1.026
2014-12-12 11:57:02.134,0.025,0.013,-1.022
2014-12-12 11:57:02.167,0.025,0.013,-1.026
2014-12-12 11:57:02.200,0.025,0.013,-1.026
2014-12-12 11:57:02.234,0.025,0.013,-1.026
2014-12-12 11:57:02.267,0.025,0.013,-1.026
2014-12-12 11:57:02.300,0.025,0.013,-1.026
2014-12-12 11:57:02.334,0.025,0.013,-1.026
2014-12-12 11:57:02.367,0.025,0.013,-1.022
2014-12-12 11:57:02.400,0.025,0.013,-1.026
2014-12-12 11:57:02.434,0.025,0.013,-1.022
2014-12-12 11:57:02.467,0.033,0.013,-1.026
2014-12-12 11:57:02.500,0.033,0.013,-1.026
2014-12-12 11:57:02.534,0.033,0.013,-1.026
2014-12-12 11:57:02.567,0.033,0.013,-1.022
2014-12-12 11:57:02.600,0.025,0.013,-1.026
2014-12-12 11:57:02.634,0.033,0.013,-1.013
2014-12-12 11:57:02.667,0.025,0.013,-1.026
2014-12-12 11:57:02.700,0.025,0.013,-1.026
2014-12-12 11:57:02.734,0.025,0.013,-1.026
2014-12-12 11:57:02.767,0.025,0.013,-1.026
2014-12-12 11:57:02.800,0.025,0.013,-1.026
2014-12-12 11:57:02.834,0.025,0.013,-1.026
2014-12-12 11:57:02.867,0.025,0.013,-1.026
2014-12-12 11:57:02.900,0.025,0.013,-1.022
2014-12-12 11:57:02.934,0.025,0.013,-1.026
2014-12-12 11:57:02.967,0.033,0.013,-1.026
2014-12-12 11:57:03.000,0.025,0.017,-1.026
2014-12-12 11:57:03.034,0.025,0.013,-1.022
2014-12-12 11:57:03.067,0.025,0.013,-1.026
2014-12-12 11:57:03.100,0.033,0.013,-1.026
2014-12-12 11:57:03.134,0.025,0.013,-1.026
2014-12-12 11:57:03.167,0.033,0.013,-1.026
2014-12-12 11:57:03.200,0.025,0.013,-1.026
2014-12-12 11:57:03.234,0.025,0.013,-1.026
2014-12-12 11:57:03.267,0.025,0.013,-1.026
2014-12-12 11:57:03.300,0.025,0.013,-1.026
2014-12-12 11:57:03.334,0.025,0.013,-1.026
2014-12-12 11:57:03.367,0.025,0.013,-1.026
2014-12-12 11:57:03.400,0.025,0.013,-1.026
2014-12-12 11:57:03.434,0.025,0.013,-1.026
2014-12-12 11:57:03.467,0.025,0.013,-1.026
2014-12-12 11:57:03.500,0.025,0.013,-1.026
2014-12-12 11:57:03.534,0.025,0.013,-1.026
2014-12-12 11:57:03.567,0.025,0.013,-1.026
2014-12-12 11:57:03.600,0.025,0.013,-1.026
2014-12-12 11:57:03.634,0.025,0.013,-1.022
2014-12-12 11:57:03.667,0.025,0.013,-1.022
2014-12-12 11:57:03.700,0.025,0.013,-1.026
2014-12-12 11:57:03.734,0.025,0.013,-1.026
2014-12-12 11:57:03.767,0.025,0.013,-1.022
2014-12-12 11:57:03.800,0.025,0.013,-1.026
2014-12-12 11:57:03.834,0.025,0.013,-1.026
2014-12-12 11:57:03.867,0.025,0.013,-1.026
2014-12-12 11:57:03.900,0.025,0.013,-1.026
2014-12-12 11:57:03.934,0.025,0.013,-1.026
2014-12-12 11:57:03.967,0.033,0.013,-1.026
2014-12-12 11:57:04.000,0.025,0.013,-1.026
2014-12-12 11:57:04.034,0.033,0.013,-1.022
2014-12-12 11:57:04.067,0.025,0.013,-1.017
2014-12-12 11:57:04.100,0.025,0.013,-1.026
2014-12-12 11:57:04.134,0.025,0.013,-1.026
2014-12-12 11:57:04.167,0.025,0.013,-1.026
2014-12-12 11:57:04.200,0.025,0.013,-1.026
2014-12-12 11:57:04.234,0.025,0.013,-1.026
2014-12-12 11:57:04.267,0.025,0.013,-1.026
2014-12-12 11:57:04.300,0.025,0.013,-1.026
2014-12-12 11:57:04.334,0.025,0.013,-1.026
2014-12-12 11:57:04.367,0.025,0.013,-1.026
2014-12-12 11:57:04.400,0.025,0.013,-1.026
2014-12-12 11:57:04.434,0.025,0.013,-1.026
2014-12-12 11:57:04.467,0.025,0.013,-1.026
2014-12-12 11:57:04.500,0.025,0.013,-1.026
2014-12-12 11:57:04.534,0.025,0.013,-1.022
2014-12-12 11:57:04.567,0.025,0.013,-1.026
2014-12-12 11:57:04.600,0.025,0.013,-1.026
2014-12-12 11:57:04.634,0.025,0.013,-1.026
2014-12-12 11:57:04.667,0.025,0.013,-1.026
2014-12-12 11:57:04.700,0.025,0.013,-1.026
2014-12-12 11:57:04.734,0.025,0.013,-1.026
2014-12-12 11:57:04.767,0.025,0.013,-1.026
2014-12-12 11:57:04.800,0.033,0.013,-1.026
2014-12-12 11:57:04.834,0.033,0.013,-1.026
2014-12-12 11:57:04.867,0.025,0.013,-1.026
2014-12-12 11:57:04.900,0.033,0.013,-1.022
2014-12-12 11:57:04.934,0.025,0.013,-1.026
2014-12-12 11:57:04.967,0.025,0.013,-1.026
2014-12-12 11:57:05.000,0.033,0.013,-1.026
2014-12-12 11:57:05.034,0.033,0.013,-1.026
2014-12-12 11:57:05.067,0.033,0.013,-1.022
2014-12-12 11:57:05.100,0.025,0.013,-1.026
2014-12-12 11:57:05.134,0.025,0.013,-1.026
2014-12-12 11:57:05.167,0.025,0.013,-1.026
2014-12-12 11:57:05.200,0.025,0.013,-1.022
2014-12-12 11:57:05.234,0.025,0.013,-1.026
2014-12-12 11:57:05.267,0.025,0.013,-1.022
2014-12-12 11:57:05.300,0.033,0.013,-1.026
2014-12-12 11:57:05.334,0.025,0.013,-1.026
2014-12-12 11:57:05.367,0.025,0.013,-1.026
2014-12-12 11:57:05.400,0.025,0.013,-1.026
2014-12-12 11:57:05.434,0.025,0.013,-1.026
2014-12-12 11:57:05.467,0.025,0.013,-1.022
2014-12-12 11:57:05.500,0.025,0.013,-1.026
2014-12-12 11:57:05.534,0.033,0.013,-1.026
2014-12-12 11:57:05.567,0.025,0.013,-1.026
2014-12-12 11:57:05.600,0.025,0.013,-1.026
2014-12-12 11:57:05.634,0.025,0.013,-1.022
2014-12-12 11:57:05.667,0.025,0.013,-1.026
2014-12-12 11:57:05.700,0.025,0.013,-1.022
2014-12-12 11:57:05.734,0.025,0.013,-1.026
2014-12-12 11:57:05.767,0.033,0.013,-1.026
2014-12-12 11:57:05.800,0.025,0.013,-1.026
2014-12-12 11:57:05.834,0.025,0.017,-1.026
2014-12-12 11:57:05.867,0.025,0.013,-1.026
2014-12-12 11:57:05.900,0.025,0.013,-1.026
2014-12-12 11:57:05.934,0.025,0.013,-1.022
2014-12-12 11:57:05.967,0.025,0.013,-1.022
2014-12-12 11:57:06.000,0.025,0.013,-1.026
2014-12-12 11:57:06.034,0.025,0.013,-1.026
2014-12-12 11:57:06.067,0.033,0.013,-1.026
2014-12-12 11:57:06.100,0.025,0.013,-1.022
2014-12-12 11:57:06.134,0.025,0.013,-1.022
2014-12-12 11:57:06.167,0.025,0.017,-1.013
2014-12-12 11:57:06.200,0.033,0.013,-1.026
2014-12-12 11:57:06.234,0.025,0.013,-1.022
2014-12-12 11:57:06.267,0.025,0.013,-1.026
2014-12-12 11:57:06.300,0.025,0.013,-1.026
2014-12-12 11:57:06.334,0.025,0.013,-1.026
2014-12-12 11:57:06.367,0.025,0.013,-1.026
2014-12-12 11:57:06.400,0.033,0.013,-1.026
2014-12-12 11:57:06.434,0.025,0.013,-1.026
2014-12-12 11:57:06.467,0.025,0.013,-1.013
2014-12-12 11:57:06.500,0.025,0.013,-1.026
2014-12-12 11:57:06.534,0.033,0.013,-1.026
2014-12-12 11:57:06.567,0.025,0.013,-1.026
2014-12-12 11:57:06.600,0.025,0.013,-1.026
2014-12-12 11:57:06.634,0.025,0.013,-1.026
2014-12-12 11:57:06.667,0.025,0.013,-1.026
2014-12-12 11:57:06.700,0.025,0.013,-1.022
2014-12-12 11:57:06.734,0.025,0.013,-1.026
2014-12-12 11:57:06.767,0.025,0.013,-1.026
2014-12-12 11:57:06.800,0.025,0.013,-1.026
2014-12-12 11:57:06.834,0.033,0.013,-1.026
2014-12-12 11:57:06.867,0.025,0.013,-1.026
2014-12-12 11:57:06.900,0.033,0.013,-1.026
2014-12-12 11:57:06.934,0.025,0.013,-1.022
2014-12-12 11:57:06.967,0.025,0.013,-1.022
2014-12-12 11:57:07.000,0.025,0.013,-1.022
2014-12-12 11:57:07.034,0.025,0.013,-1.026
2014-12-12 11:57:07.067,0.025,0.013,-1.022
2014-12-12 11:57:07.100,0.025,0.013,-1.022
2014-12-12 11:57:07.134,0.033,0.013,-1.026
2014-12-12 11:57:07.167,0.025,0.013,-1.026
2014-12-12 11:57:07.200,0.025,0.013,-1.026
2014-12-12 11:57:07.234,0.025,0.013,-1.022
2014-12-12 11:57:07.267,0.025,0.013,-1.026
2014-12-12 11:57:07.300,0.025,0.013,-1.026
2014-12-12 11:57:07.334,0.033,0.013,-1.026
2014-12-12 11:57:07.367,0.033,0.013,-1.026
2014-12-12 11:57:07.400,0.033,0.013,-1.026
2014-12-12 11:57:07.434,0.033,0.013,-1.026
2014-12-12 11:57:07.467,0.025,0.013,-1.026
2014-12-12 11:57:07.500,0.033,0.013,-1.026
2014-12-12 11:57:07.534,0.025,0.013,-1.026
2014-12-12 11:57:07.567,0.025,0.013,-1.026
2014-12-12 11:57:07.600,0.025,0.013,-1.026
2014-12-12 11:57:07.634,0.025,0.013,-1.026
2014-12-12 11:57:07.667,0.025,0.013,-1.026
2014-12-12 11:57:07.700,0.025,0.013,-1.026
2014-12-12 11:57:07.734,0.025,0.013,-1.026
2014-12-12 11:57:07.767,0.033,0.013,-1.026
2014-12-12 11:57:07.800,0.025,0.013,-1.026
2014-12-12 11:57:07.834,0.025,0.013,-1.026
2014-12-12 11:57:07.867,0.025,0.013,-1.026
2014-12-12 11:57:07.900,0.025,0.013,-1.026
2014-12-12 11:57:07.934,0.033,0.013,-1.026
2014-12-12 11:57:07.967,0.025,0.013,-1.022
2014-12-12 11:57:08.000,0.025,0.013,-1.026
2014-12-12 11:57:08.034,0.025,0.013,-1.022
2014-12-12 11:57:08.067,0.025,0.013,-1.017
2014-12-12 11:57:08.100,0.033,0.013,-1.022
2014-12-12 11:57:08.134,0.025,0.013,-1.026
2014-12-12 11:57:08.167,0.025,0.013,-1.026
2014-12-12 11:57:08.200,0.025,0.013,-1.022
2014-12-12 11:57:08.234,0.025,0.013,-1.026
2014-12-12 11:57:08.267,0.025,0.013,-1.026
2014-12-12 11:57:08.300,0.025,0.013,-1.026
2014-12-12 11:57:08.334,0.033,0.013,-1.026
2014-12-12 11:57:08.367,0.025,0.013,-1.026
2014-12-12 11:57:08.400,0.025,0.013,-1.026
2014-12-12 11:57:08.434,0.025,0.013,-1.022
2014-12-12 11:57:08.467,0.033,0.013,-1.026
2014-12-12 11:57:08.500,0.025,0.013,-1.026
2014-12-12 11:57:08.534,0.033,0.013,-1.026
2014-12-12 11:57:08.567,0.025,0.013,-1.026
2014-12-12 11:57:08.600,0.025,0.013,-1.017
2014-12-12 11:57:08.634,0.025,0.013,-1.026
2014-12-12 11:57:08.667,0.025,0.013,-1.026
2014-12-12 11:57:08.700,0.025,0.013,-1.026
2014-12-12 11:57:08.734,0.025,0.013,-1.026
2014-12-12 11:57:08.767,0.025,0.013,-1.026
2014-12-12 11:57:08.800,0.033,0.013,-1.026
2014-12-12 11:57:08.834,0.033,0.013,-1.013
2014-12-12 11:57:08.867,0.025,0.013,-1.022
2014-12-12 11:57:08.900,0.025,0.013,-1.026
2014-12-12 11:57:08.934,0.025,0.013,-1.026
2014-12-12 11:57:08.967,0.025,0.013,-1.026
2014-12-12 11:57:09.000,0.025,0.013,-1.022
2014-12-12 11:57:09.034,0.025,0.013,-1.026
2014-12-12 11:57:09.067,0.033,0.013,-1.026
2014-12-12 11:57:09.100,0.033,0.013,-1.026
2014-12-12 11:57:09.134,0.033,0.013,-1.026
2014-12-12 11:57:09.167,0.025,0.013,-1.026
2014-12-12 11:57:09.200,0.025,0.013,-1.026
2014-12-12 11:57:09.234,0.025,0.013,-1.026
2014-12-12 11:57:09.267,0.025,0.013,-1.026
2014-12-12 11:57:09.300,0.025,0.013,-1.026
2014-12-12 11:57:09.334,0.025,0.013,-1.026
2014-12-12 11:57:09.367,0.025,0.013,-1.026
2014-12-12 11:57:09.400,0.025,0.013,-1.026
2014-12-12 11:57:09.434,0.025,0.013,-1.026
2014-12-12 11:57:09.467,0.025,0.013,-1.026
2014-12-12 11:57:09.500,0.025,0.013,-1.026
2014-12-12 11:57:09.534,0.025,0.013,-1.026
2014-12-12 11:57:09.567,0.025,0.013,-1.026
2014-12-12 11:57:09.600,0.025,0.013,-1.026
2014-12-12 11:57:09.634,0.025,0.013,-1.022
2014-12-12 11:57:09.667,0.025,0.013,-1.026
2014-12-12 11:57:09.700,0.025,0.013,-1.026
2014-12-12 11:57:09.734,0.025,0.013,-1.026
2014-12-12 11:57:09.767,0.025,0.013,-1.022
2014-12-12 11:57:09.800,0.025,0.013,-1.026
2014-12-12 11:57:09.834,0.033,0.013,-1.022
2014-12-12 11:57:09.867,0.033,0.013,-1.026
2014-12-12 11:57:09.900,0.025,0.017,-1.026
2014-12-12 11:57:09.934,0.033,0.013,-1.022
2014-12-12 11:57:09.967,0.025,0.013,-1.026
2014-12-12 11:57:10.000,0.025,0.013,-1.026
2014-12-12 11:57:10.034,0.025,0.013,-1.022
2014-12-12 11:57:10.067,0.025,0.013,-1.026
2014-12-12 11:57:10.100,0.025,0.013,-1.026
2014-12-12 11:57:10.134,0.025,0.013,-1.026
2014-12-12 11:57:10.167,0.025,0.013,-1.022
2014-12-12 11:57:10.200,0.025,0.013,-1.026
2014-12-12 11:57:10.234,0.025,0.013,-1.026
2014-12-12 11:57:10.267,0.025,0.013,-1.022
2014-12-12 11:57:10.300,0.025,0.013,-1.026
2014-12-12 11:57:10.334,0.025,0.013,-1.026
2014-12-12 11:57:10.367,0.033,0.013,-1.022
2014-12-12 11:57:10.400,0.033,0.013,-1.026
2014-12-12 11:57:10.434,0.025,0.013,-1.026
2014-12-12 11:57:10.467,0.025,0.013,-1.026
2014-12-12 11:57:10.500,0.025,0.013,-1.026
2014-12-12 11:57:10.534,0.033,0.013,-1.026
2014-12-12 11:57:10.567,0.025,0.013,-1.026
2014-12-12 11:57:10.600,0.025,0.013,-1.026
2014-12-12 11:57:10.634,0.025,0.013,-1.026
2014-12-12 11:57:10.667,0.025,0.013,-1.026
2014-12-12 11:57:10.700,0.025,0.013,-1.026
2014-12-12 11:57:10.734,0.025,0.013,-1.026
2014-12-12 11:57:10.767,0.025,0.013,-1.026
2014-12-12 11:57:10.800,0.033,0.013,-1.026
2014-12-12 11:57:10.834,0.025,0.013,-1.026
2014-12-12 11:57:10.867,0.025,0.013,-1.026
2014-12-12 11:57:10.900,0.025,0.013,-1.026
2014-12-12 11:57:10.934,0.025,0.013,-1.026
2014-12-12 11:57:10.967,0.025,0.013,-1.026
2014-12-12 11:57:11.000,0.033,0.013,-1.022
2014-12-12 11:57:11.034,0.033,0.013,-1.026
2014-12-12 11:57:11.067,0.033,0.013,-1.017
2014-12-12 11:57:11.100,0.025,0.013,-1.026
2014-12-12 11:57:11.134,0.025,0.013,-1.026
2014-12-12 11:57:11.167,0.025,0.013,-1.026
2014-12-12 11:57:11.200,0.025,0.013,-1.022
2014-12-12 11:57:11.234,0.025,0.013,-1.026
2014-12-12 11:57:11.267,0.033,0.013,-1.022
2014-12-12 11:57:11.300,0.025,0.013,-1.026
2014-12-12 11:57:11.334,0.025,0.013,-1.026
2014-12-12 11:57:11.367,0.025,0.013,-1.022
2014-12-12 11:57:11.400,0.025,0.013,-1.026
2014-12-12 11:57:11.434,0.025,0.013,-1.026
2014-12-12 11:57:11.467,0.025,0.013,-1.026
2014-12-12 11:57:11.500,0.025,0.013,-1.026
2014-12-12 11:57:11.534,0.025,0.013,-1.026
2014-12-12 11:57:11.567,0.025,0.013,-1.026
2014-12-12 11:57:11.600,0.025,0.013,-1.026
2014-12-12 11:57:11.634,0.033,0.013,-1.022
2014-12-12 11:57:11.667,0.025,0.013,-1.026
2014-12-12 11:57:11.700,0.033,0.013,-1.026
2014-12-12 11:57:11.734,0.025,0.013,-1.026
2014-12-12 11:57:11.767,0.033,0.013,-1.026
2014-12-12 11:57:11.800,0.025,0.013,-1.026
2014-12-12 11:57:11.834,0.025,0.013,-1.026
2014-12-12 11:57:11.867,0.025,0.013,-1.026
2014-12-12 11:57:11.900,0.025,0.013,-1.026
2014-12-12 11:57:11.934,0.025,0.013,-1.022
2014-12-12 11:57:11.967,0.025,0.013,-1.022
2014-12-12 11:57:12.000,0.025,0.013,-1.026
2014-12-12 11:57:12.034,0.025,0.013,-1.026
2014-12-12 11:57:12.067,0.025,0.013,-1.022
2014-12-12 11:57:12.100,0.025,0.013,-1.026
2014-12-12 11:57:12.134,0.025,0.013,-1.026
2014-12-12 11:57:12.167,0.025,0.013,-1.026
2014-12-12 11:57:12.200,0.033,0.013,-1.022
2014-12-12 11:57:12.234,0.025,0.013,-1.017
2014-12-12 11:57:12.267,0.025,0.013,-1.022
2014-12-12 11:57:12.300,0.025,0.013,-1.026
2014-12-12 11:57:12.334,0.025,0.013,-1.026
2014-12-12 11:57:12.367,0.025,0.013,-1.026
2014-12-12 11:57:12.400,0.025,0.013,-1.026
2014-12-12 11:57:12.434,0.025,0.013,-1.026
2014-12-12 11:57:12.467,0.025,0.013,-1.026
2014-12-12 11:57:12.500,0.025,0.013,-1.026
2014-12-12 11:57:12.534,0.025,0.013,-1.026
2014-12-12 11:57:12.567,0.033,0.013,-1.026
2014-12-12 11:57:12.600,0.025,0.013,-1.026
2014-12-12 11:57:12.634,0.025,0.013,-1.026
2014-12-12 11:57:12.667,0.025,0.013,-1.026
2014-12-12 11:57:12.700,0.025,0.013,-1.026
2014-12-12 11:57:12.734,0.025,0.013,-1.026
2014-12-12 11:57:12.767,0.025,0.013,-1.026
2014-12-12 11:57:12.800,0.025,0.013,-1.026
2014-12-12 11:57:12.834,0.025,0.013,-1.022
2014-12-12 11:57:12.867,0.025,0.013,-1.026
2014-12-12 11:57:12.900,0.025,0.013,-1.026
2014-12-12 11:57:12.934,0.025,0.013,-1.026
2014-12-12 11:57:12.967,0.025,0.013,-1.026
2014-12-12 11:57:13.000,0.033,0.013,-1.026
2014-12-12 11:57:13.034,0.025,0.013,-1.026
2014-12-12 11:57:13.067,0.025,0.013,-1.026
2014-12-12 11:57:13.100,0.033,0.013,-1.026
2014-12-12 11:57:13.134,0.025,0.013,-1.026
2014-12-12 11:57:13.167,0.025,0.013,-1.026
2014-12-12 11:57:13.200,0.025,0.013,-1.026
2014-12-12 11:57:13.234,0.033,0.013,-1.026
2014-12-12 11:57:13.267,0.025,0.013,-1.026
2014-12-12 11:57:13.300,0.033,0.013,-1.022
2014-12-12 11:57:13.334,0.025,0.013,-1.026
2014-12-12 11:57:13.367,0.025,0.013,-1.026
2014-12-12 11:57:13.400,0.025,0.013,-1.026
2014-12-12 11:57:13.434,0.025,0.013,-1.026
2014-12-12 11:57:13.467,0.025,0.013,-1.022
2014-12-12 11:57:13.500,0.025,0.013,-1.026
2014-12-12 11:57:13.534,0.025,0.013,-1.026
2014-12-12 11:57:13.567,0.025,0.013,-1.026
2014-12-12 11:57:13.600,0.025,0.013,-1.026
2014-12-12 11:57:13.634,0.025,0.013,-1.026
2014-12-12 11:57:13.667,0.025,0.013,-1.026
2014-12-12 11:57:13.700,0.033,0.013,-1.026
2014-12-12 11:57:13.734,0.025,0.013,-1.026
2014-12-12 11:57:13.767,0.025,0.013,-1.026
2014-12-12 11:57:13.800,0.025,0.013,-1.022
2014-12-12 11:57:13.834,0.025,0.013,-1.026
2014-12-12 11:57:13.867,0.025,0.013,-1.026
2014-12-12 11:57:13.900,0.025,0.013,-1.026
2014-12-12 11:57:13.934,0.025,0.013,-1.026
2014-12-12 11:57:13.967,0.025,0.013,-1.026
2014-12-12 11:57:14.000,0.025,0.013,-1.026
2014-12-12 11:57:14.034,0.025,0.013,-1.013
2014-12-12 11:57:14.067,0.025,0.013,-1.026
2014-12-12 11:57:14.100,0.025,0.013,-1.026
2014-12-12 11:57:14.134,0.025,0.013,-1.026
2014-12-12 11:57:14.167,0.025,0.013,-1.026
2014-12-12 11:57:14.200,0.025,0.013,-1.026
2014-12-12 11:57:14.234,0.025,0.013,-1.026
2014-12-12 11:57:14.267,0.025,0.013,-1.022
2014-12-12 11:57:14.300,0.025,0.013,-1.026
2014-12-12 11:57:14.334,0.033,0.013,-1.026
2014-12-12 11:57:14.367,0.025,0.013,-1.026
2014-12-12 11:57:14.400,0.025,0.013,-1.026
2014-12-12 11:57:14.434,0.025,0.013,-1.026
2014-12-12 11:57:14.467,0.025,0.013,-1.022
2014-12-12 11:57:14.500,0.025,0.013,-1.026
2014-12-12 11:57:14.534,0.025,0.013,-1.026
2014-12-12 11:57:14.567,0.025,0.013,-1.026
2014-12-12 11:57:14.600,0.025,0.013,-1.026
2014-12-12 11:57:14.634,0.025,0.013,-1.022
2014-12-12 11:57:14.667,0.025,0.013,-1.026
2014-12-12 11:57:14.700,0.025,0.013,-1.026
2014-12-12 11:57:14.734,0.025,0.013,-1.026
2014-12-12 11:57:14.767,0.025,0.013,-1.026
2014-12-12 11:57:14.800,0.025,0.013,-1.026
2014-12-12 11:57:14.834,0.025,0.013,-1.026
2014-12-12 11:57:14.867,0.025,0.013,-1.026
2014-12-12 11:57:14.900,0.025,0.013,-1.026
2014-12-12 11:57:14.934,0.025,0.013,-1.026
2014-12-12 11:57:14.967,0.025,0.013,-1.026
2014-12-12 11:57:15.000,0.025,0.013,-1.026
2014-12-12 11:57:15.034,0.025,0.013,-1.022
2014-12-12 11:57:15.067,0.025,0.013,-1.022
2014-12-12 11:57:15.100,0.025,0.013,-1.026
2014-12-12 11:57:15.134,0.033,0.013,-1.026
2014-12-12 11:57:15.167,0.025,0.013,-1.022
2014-12-12 11:57:15.200,0.025,0.013,-1.026
2014-12-12 11:57:15.234,0.025,0.013,-1.026
2014-12-12 11:57:15.267,0.025,0.013,-1.026
2014-12-12 11:57:15.300,0.025,0.013,-1.026
2014-12-12 11:57:15.334,0.033,0.013,-1.026
2014-12-12 11:57:15.367,0.025,0.013,-1.026
2014-12-12 11:57:15.400,0.025,0.013,-1.026
2014-12-12 11:57:15.434,0.025,0.013,-1.026
2014-12-12 11:57:15.467,0.025,0.013,-1.022
2014-12-12 11:57:15.500,0.025,0.013,-1.026
2014-12-12 11:57:15.534,0.025,0.013,-1.026
2014-12-12 11:57:15.567,0.025,0.013,-1.026
2014-12-12 11:57:15.600,0.033,0.013,-1.026
2014-12-12 11:57:15.634,0.025,0.013,-1.026
2014-12-12 11:57:15.667,0.025,0.013,-1.026
2014-12-12 11:57:15.700,0.025,0.013,-1.026
2014-12-12 11:57:15.734,0.025,0.013,-1.026
2014-12-12 11:57:15.767,0.025,0.013,-1.026
2014-12-12 11:57:15.800,0.025,0.013,-1.026
2014-12-12 11:57:15.834,0.033,0.013,-1.026
2014-12-12 11:57:15.867,0.025,0.013,-1.026
2014-12-12 11:57:15.900,0.025,0.013,-1.026
2014-12-12 11:57:15.934,0.025,0.013,-1.017
2014-12-12 11:57:15.967,0.025,0.013,-1.026
2014-12-12 11:57:16.000,0.025,0.013,-1.026
2014-12-12 11:57:16.034,0.025,0.013,-1.022
2014-12-12 11:57:16.067,0.025,0.013,-1.026
2014-12-12 11:57:16.100,0.025,0.013,-1.017
2014-12-12 11:57:16.134,0.033,0.013,-1.026
2014-12-12 11:57:16.167,0.025,0.013,-1.026
2014-12-12 11:57:16.200,0.025,0.013,-1.026
2014-12-12 11:57:16.234,0.025,0.013,-1.026
2014-12-12 11:57:16.267,0.025,0.013,-1.026
2014-12-12 11:57:16.300,0.025,0.013,-1.022
2014-12-12 11:57:16.334,0.025,0.013,-1.026
2014-12-12 11:57:16.367,0.033,0.013,-1.017
2014-12-12 11:57:16.400,0.025,0.013,-1.026
2014-12-12 11:57:16.434,0.025,0.013,-1.026
2014-12-12 11:57:16.467,0.025,0.013,-1.022
2014-12-12 11:57:16.500,0.025,0.013,-1.026
2014-12-12 11:57:16.534,0.025,0.013,-1.022
2014-12-12 11:57:16.567,0.025,0.013,-1.026
2014-12-12 11:57:16.600,0.025,0.013,-1.026
2014-12-12 11:57:16.634,0.025,0.013,-1.026
2014-12-12 11:57:16.667,0.025,0.013,-1.026
2014-12-12 11:57:16.700,0.025,0.013,-1.026
2014-12-12 11:57:16.734,0.025,0.013,-1.026
2014-12-12 11:57:16.767,0.025,0.013,-1.026
2014-12-12 11:57:16.800,0.025,0.013,-1.026
2014-12-12 11:57:16.834,0.025,0.013,-1.026
2014-12-12 11:57:16.867,0.025,0.013,-1.026
2014-12-12 11:57:16.900,0.025,0.013,-1.026
2014-12-12 11:57:16.934,0.025,0.013,-1.026
2014-12-12 11:57:16.967,0.033,0.013,-1.026
2014-12-12 11:57:17.000,0.025,0.013,-1.026
2014-12-12 11:57:17.034,0.033,0.013,-1.022
2014-12-12 11:57:17.067,0.025,0.013,-1.026
2014-12-12 11:57:17.100,0.025,0.013,-1.026
2014-12-12 11:57:17.134,0.025,0.013,-1.017
2014-12-12 11:57:17.167,0.033,0.013,-1.026
2014-12-12 11:57:17.200,0.025,0.013,-1.026
2014-12-12 11:57:17.234,0.025,0.013,-1.026
2014-12-12 11:57:17.267,0.033,0.013,-1.022
2014-12-12 11:57:17.300,0.025,0.013,-1.022
2014-12-12 11:57:17.334,0.025,0.013,-1.022
2014-12-12 11:57:17.367,0.025,0.013,-1.017
2014-12-12 11:57:17.400,0.025,0.013,-1.026
2014-12-12 11:57:17.434,0.025,0.013,-1.026
2014-12-12 11:57:17.467,0.025,0.013,-1.026
2014-12-12 11:57:17.500,0.025,0.013,-1.026
2014-12-12 11:57:17.534,0.025,0.013,-1.022
2014-12-12 11:57:17.567,0.025,0.013,-1.026
2014-12-12 11:57:17.600,0.025,0.013,-1.026
2014-12-12 11:57:17.634,0.025,0.013,-1.026
2014-12-12 11:57:17.667,0.033,0.013,-1.026
2014-12-12 11:57:17.700,0.025,0.013,-1.026
2014-12-12 11:57:17.734,0.025,0.013,-1.026
2014-12-12 11:57:17.767,0.025,0.013,-1.026
2014-12-12 11:57:17.800,0.025,0.013,-1.026
2014-12-12 11:57:17.834,0.025,0.013,-1.026
2014-12-12 11:57:17.867,0.025,0.013,-1.022
2014-12-12 11:57:17.900,0.025,0.013,-1.026
2014-12-12 11:57:17.934,0.025,0.013,-1.03
2014-12-12 11:57:17.967,0.025,0.013,-1.026
2014-12-12 11:57:18.000,0.025,0.013,-1.026
2014-12-12 11:57:18.034,0.025,0.013,-1.026
2014-12-12 11:57:18.067,0.025,0.013,-1.026
2014-12-12 11:57:18.100,0.025,0.013,-1.013
2014-12-12 11:57:18.134,0.025,0.013,-1.026
2014-12-12 11:57:18.167,0.033,0.013,-1.026
2014-12-12 11:57:18.200,0.025,0.013,-1.022
2014-12-12 11:57:18.234,0.025,0.013,-1.026
2014-12-12 11:57:18.267,0.025,0.013,-1.026
2014-12-12 11:57:18.300,0.025,0.013,-1.026
2014-12-12 11:57:18.334,0.025,0.013,-1.022
2014-12-12 11:57:18.367,0.025,0.013,-1.026
2014-12-12 11:57:18.400,0.025,0.013,-1.022
2014-12-12 11:57:18.434,0.025,0.013,-1.026
2014-12-12 11:57:18.467,0.025,0.013,-1.026
2014-12-12 11:57:18.500,0.025,0.013,-1.026
2014-12-12 11:57:18.534,0.025,0.013,-1.026
2014-12-12 11:57:18.567,0.025,0.013,-1.026
2014-12-12 11:57:18.600,0.025,0.013,-1.026
2014-12-12 11:57:18.634,0.025,0.013,-1.026
2014-12-12 11:57:18.667,0.025,0.013,-1.026
2014-12-12 11:57:18.700,0.025,0.013,-1.026
2014-12-12 11:57:18.734,0.025,0.013,-1.026
2014-12-12 11:57:18.767,0.025,0.013,-1.026
2014-12-12 11:57:18.800,0.025,0.013,-1.026
2014-12-12 11:57:18.834,0.025,0.013,-1.026
2014-12-12 11:57:18.867,0.025,0.013,-1.026
2014-12-12 11:57:18.900,0.025,0.013,-1.026
2014-12-12 11:57:18.934,0.025,0.013,-1.026
2014-12-12 11:57:18.967,0.025,0.013,-1.026
2014-12-12 11:57:19.000,0.025,0.013,-1.026
2014-12-12 11:57:19.034,0.033,0.013,-1.026
2014-12-12 11:57:19.067,0.025,0.013,-1.022
2014-12-12 11:57:19.100,0.025,0.013,-1.026
2014-12-12 11:57:19.134,0.033,0.013,-1.026
2014-12-12 11:57:19.167,0.025,0.013,-1.026
2014-12-12 11:57:19.200,0.025,0.013,-1.026
2014-12-12 11:57:19.234,0.025,0.013,-1.026
2014-12-12 11:57:19.267,0.025,0.013,-1.026
2014-12-12 11:57:19.300,0.025,0.013,-1.026
2014-12-12 11:57:19.334,0.025,0.013,-1.022
2014-12-12 11:57:19.367,0.033,0.013,-1.026
2014-12-12 11:57:19.400,0.025,0.013,-1.026
2014-12-12 11:57:19.434,0.025,0.013,-1.026
2014-12-12 11:57:19.467,0.025,0.013,-1.026
2014-12-12 11:57:19.500,0.025,0.013,-1.026
2014-12-12 11:57:19.534,0.025,0.013,-1.026
2014-12-12 11:57:19.567,0.025,0.013,-1.022
2014-12-12 11:57:19.600,0.025,0.013,-1.026
2014-12-12 11:57:19.634,0.025,0.013,-1.026
2014-12-12 11:57:19.667,0.025,0.013,-1.026
2014-12-12 11:57:19.700,0.025,0.013,-1.026
2014-12-12 11:57:19.734,0.025,0.013,-1.026
2014-12-12 11:57:19.767,0.025,0.013,-1.026
2014-12-12 11:57:19.800,0.025,0.013,-1.022
2014-12-12 11:57:19.834,0.025,0.013,-1.026
2014-12-12 11:57:19.867,0.025,0.013,-1.026
2014-12-12 11:57:19.900,0.025,0.013,-1.026
2014-12-12 11:57:19.934,0.025,0.013,-1.026
2014-12-12 11:57:19.967,0.025,0.013,-1.026
2014-12-12 11:57:20.000,0.025,0.013,-1.026
2014-12-12 11:57:20.034,0.025,0.013,-1.022
2014-12-12 11:57:20.067,0.025,0.013,-1.026
2014-12-12 11:57:20.100,0.025,0.013,-1.026
2014-12-12 11:57:20.134,0.025,0.013,-1.026
2014-12-12 11:57:20.167,0.025,0.017,-1.026
2014-12-12 11:57:20.200,0.025,0.013,-1.026
2014-12-12 11:57:20.234,0.025,0.013,-1.026
2014-12-12 11:57:20.267,0.025,0.013,-1.022
2014-12-12 11:57:20.300,0.025,0.013,-1.022
2014-12-12 11:57:20.334,0.025,0.013,-1.026
2014-12-12 11:57:20.367,0.025,0.013,-1.026
2014-12-12 11:57:20.400,0.025,0.013,-1.026
2014-12-12 11:57:20.434,0.025,0.013,-1.026
2014-12-12 11:57:20.467,0.025,0.013,-1.026
2014-12-12 11:57:20.500,0.025,0.013,-1.026
2014-12-12 11:57:20.534,0.025,0.013,-1.022
2014-12-12 11:57:20.567,0.025,0.013,-1.022
2014-12-12 11:57:20.600,0.025,0.013,-1.026
2014-12-12 11:57:20.634,0.025,0.013,-1.026
2014-12-12 11:57:20.667,0.025,0.013,-1.026
2014-12-12 11:57:20.700,0.025,0.013,-1.026
2014-12-12 11:57:20.734,0.025,0.013,-1.026
2014-12-12 11:57:20.767,0.033,0.013,-1.026
2014-12-12 11:57:20.800,0.033,0.013,-1.026
2014-12-12 11:57:20.834,0.025,0.013,-1.026
2014-12-12 11:57:20.867,0.025,0.013,-1.026
2014-12-12 11:57:20.900,0.025,0.013,-1.026
2014-12-12 11:57:20.934,0.025,0.013,-1.026
2014-12-12 11:57:20.967,0.033,0.013,-1.026
2014-12-12 11:57:21.000,0.025,0.013,-1.026
2014-12-12 11:57:21.034,0.025,0.013,-1.026
2014-12-12 11:57:21.067,0.025,0.013,-1.026
2014-12-12 11:57:21.100,0.033,0.013,-1.026
2014-12-12 11:57:21.134,0.025,0.013,-1.026
2014-12-12 11:57:21.167,0.033,0.013,-1.026
2014-12-12 11:57:21.200,0.025,0.013,-1.022
2014-12-12 11:57:21.234,0.033,0.013,-1.026
2014-12-12 11:57:21.267,0.025,0.013,-1.026
2014-12-12 11:57:21.300,0.033,0.013,-1.026
2014-12-12 11:57:21.334,0.033,0.013,-1.022
2014-12-12 11:57:21.367,0.025,0.013,-1.017
2014-12-12 11:57:21.400,0.025,0.013,-1.026
2014-12-12 11:57:21.434,0.033,0.013,-1.026
2014-12-12 11:57:21.467,0.025,0.013,-1.022
2014-12-12 11:57:21.500,0.025,0.013,-1.026
2014-12-12 11:57:21.534,0.025,0.013,-1.026
2014-12-12 11:57:21.567,0.025,0.013,-1.026
2014-12-12 11:57:21.600,0.033,0.013,-1.026
2014-12-12 11:57:21.634,0.033,0.013,-1.026
2014-12-12 11:57:21.667,0.033,0.013,-1.022
2014-12-12 11:57:21.700,0.025,0.013,-1.026
2014-12-12 11:57:21.734,0.025,0.013,-1.026
2014-12-12 11:57:21.767,0.025,0.013,-1.026
2014-12-12 11:57:21.800,0.025,0.013,-1.026
2014-12-12 11:57:21.834,0.025,0.013,-1.026
2014-12-12 11:57:21.867,0.033,0.013,-1.026
2014-12-12 11:57:21.900,0.033,0.013,-1.022
2014-12-12 11:57:21.934,0.025,0.013,-1.026
2014-12-12 11:57:21.967,0.025,0.013,-1.026
2014-12-12 11:57:22.000,0.025,0.013,-1.026
2014-12-12 11:57:22.034,0.033,0.013,-1.03
2014-12-12 11:57:22.067,0.025,0.013,-1.026
2014-12-12 11:57:22.100,0.025,0.013,-1.026
2014-12-12 11:57:22.134,0.025,0.013,-1.026
2014-12-12 11:57:22.167,0.025,0.013,-1.026
2014-12-12 11:57:22.200,0.025,0.013,-1.022
2014-12-12 11:57:22.234,0.025,0.013,-1.022
2014-12-12 11:57:22.267,0.033,0.013,-1.026
2014-12-12 11:57:22.300,0.025,0.013,-1.026
2014-12-12 11:57:22.334,0.033,0.013,-1.026
2014-12-12 11:57:22.367,0.025,0.013,-1.026
2014-12-12 11:57:22.400,0.025,0.013,-1.022
2014-12-12 11:57:22.434,0.025,0.013,-1.026
2014-12-12 11:57:22.467,0.025,0.013,-1.022
2014-12-12 11:57:22.500,0.025,0.013,-1.026
2014-12-12 11:57:22.534,0.025,0.013,-1.022
2014-12-12 11:57:22.567,0.025,0.013,-1.022
2014-12-12 11:57:22.600,0.025,0.013,-1.013
2014-12-12 11:57:22.634,0.025,0.013,-1.026
2014-12-12 11:57:22.667,0.025,0.013,-1.026
2014-12-12 11:57:22.700,0.025,0.013,-1.026
2014-12-12 11:57:22.734,0.025,0.013,-1.026
2014-12-12 11:57:22.767,0.033,0.013,-1.026
2014-12-12 11:57:22.800,0.033,0.013,-1.026
2014-12-12 11:57:22.834,0.025,0.013,-1.026
2014-12-12 11:57:22.867,0.025,0.013,-1.026
2014-12-12 11:57:22.900,0.025,0.013,-1.026
2014-12-12 11:57:22.934,0.025,0.013,-1.026
2014-12-12 11:57:22.967,0.025,0.013,-1.026
2014-12-12 11:57:23.000,0.025,0.013,-1.026
2014-12-12 11:57:23.034,0.025,0.013,-1.026
2014-12-12 11:57:23.067,0.025,0.013,-1.017
2014-12-12 11:57:23.100,0.025,0.013,-1.026
2014-12-12 11:57:23.134,0.025,0.013,-1.026
2014-12-12 11:57:23.167,0.033,0.013,-1.022
2014-12-12 11:57:23.200,0.033,0.013,-1.026
2014-12-12 11:57:23.234,0.025,0.013,-1.026
2014-12-12 11:57:23.267,0.025,0.013,-1.026
2014-12-12 11:57:23.300,0.025,0.013,-1.022
2014-12-12 11:57:23.334,0.033,0.013,-1.026
2014-12-12 11:57:23.367,0.025,0.013,-1.022
2014-12-12 11:57:23.400,0.025,0.013,-1.026
2014-12-12 11:57:23.434,0.025,0.013,-1.026
2014-12-12 11:57:23.467,0.025,0.013,-1.017
2014-12-12 11:57:23.500,0.025,0.013,-1.022
2014-12-12 11:57:23.534,0.025,0.013,-1.026
2014-12-12 11:57:23.567,0.025,0.013,-1.026
2014-12-12 11:57:23.600,0.025,0.013,-1.022
2014-12-12 11:57:23.634,0.025,0.013,-1.026
2014-12-12 11:57:23.667,0.025,0.013,-1.026
2014-12-12 11:57:23.700,0.025,0.013,-1.026
2014-12-12 11:57:23.734,0.025,0.013,-1.022
2014-12-12 11:57:23.767,0.033,0.013,-1.026
2014-12-12 11:57:23.800,0.033,0.013,-1.026
2014-12-12 11:57:23.834,0.025,0.013,-1.026
2014-12-12 11:57:23.867,0.025,0.013,-1.017
2014-12-12 11:57:23.900,0.025,0.013,-1.026
2014-12-12 11:57:23.934,0.033,0.013,-1.026
2014-12-12 11:57:23.967,0.033,0.013,-1.022
2014-12-12 11:57:24.000,0.033,0.013,-1.026
2014-12-12 11:57:24.034,0.025,0.013,-1.022
2014-12-12 11:57:24.067,0.033,0.013,-1.026
2014-12-12 11:57:24.100,0.025,0.013,-1.026
2014-12-12 11:57:24.134,0.025,0.013,-1.026
2014-12-12 11:57:24.167,0.033,0.013,-1.026
2014-12-12 11:57:24.200,0.025,0.013,-1.022
2014-12-12 11:57:24.234,0.025,0.013,-1.026
2014-12-12 11:57:24.267,0.025,0.013,-1.026
2014-12-12 11:57:24.300,0.033,0.013,-1.022
2014-12-12 11:57:24.334,0.025,0.013,-1.026
2014-12-12 11:57:24.367,0.033,0.013,-1.026
2014-12-12 11:57:24.400,0.025,0.013,-1.022
2014-12-12 11:57:24.434,0.025,0.013,-1.026
2014-12-12 11:57:24.467,0.025,0.013,-1.026
2014-12-12 11:57:24.500,0.025,0.013,-1.013
2014-12-12 11:57:24.534,0.025,0.013,-1.026
2014-12-12 11:57:24.567,0.025,0.013,-1.026
2014-12-12 11:57:24.600,0.033,0.013,-1.013
2014-12-12 11:57:24.634,0.025,0.013,-1.026
2014-12-12 11:57:24.667,0.025,0.013,-1.026
2014-12-12 11:57:24.700,0.025,0.013,-1.026
2014-12-12 11:57:24.734,0.025,0.013,-1.026
2014-12-12 11:57:24.767,0.025,0.013,-1.026
2014-12-12 11:57:24.800,0.025,0.013,-1.022
2014-12-12 11:57:24.834,0.025,0.013,-1.026
2014-12-12 11:57:24.867,0.025,0.013,-1.026
2014-12-12 11:57:24.900,0.033,0.013,-1.022
2014-12-12 11:57:24.934,0.025,0.013,-1.026
2014-12-12 11:57:24.967,0.025,0.013,-1.026
2014-12-12 11:57:25.000,0.025,0.013,-1.026
2014-12-12 11:57:25.034,0.025,0.013,-1.026
2014-12-12 11:57:25.067,0.025,0.013,-1.026
2014-12-12 11:57:25.100,0.025,0.013,-1.026
2014-12-12 11:57:25.134,0.025,0.013,-1.026
2014-12-12 11:57:25.167,0.025,0.013,-1.026
2014-12-12 11:57:25.200,0.025,0.013,-1.026
2014-12-12 11:57:25.234,0.025,0.013,-1.026
2014-12-12 11:57:25.267,0.025,0.013,-1.026
2014-12-12 11:57:25.300,0.025,0.013,-1.026
2014-12-12 11:57:25.334,0.025,0.013,-1.026
2014-12-12 11:57:25.367,0.025,0.013,-1.026
2014-12-12 11:57:25.400,0.033,0.013,-1.022
2014-12-12 11:57:25.434,0.033,0.013,-1.026
2014-12-12 11:57:25.467,0.025,0.013,-1.013
2014-12-12 11:57:25.500,0.033,0.013,-1.022
2014-12-12 11:57:25.534,0.025,0.013,-1.022
2014-12-12 11:57:25.567,0.025,0.013,-1.026
2014-12-12 11:57:25.600,0.025,0.013,-1.026
2014-12-12 11:57:25.634,0.025,0.013,-1.026
2014-12-12 11:57:25.667,0.025,0.013,-1.026
2014-12-12 11:57:25.700,0.025,0.013,-1.026
2014-12-12 11:57:25.734,0.025,0.013,-1.026
2014-12-12 11:57:25.767,0.025,0.013,-1.026
2014-12-12 11:57:25.800,0.025,0.013,-1.026
2014-12-12 11:57:25.834,0.033,0.013,-1.026
2014-12-12 11:57:25.867,0.025,0.013,-1.026
2014-12-12 11:57:25.900,0.025,0.013,-1.026
2014-12-12 11:57:25.934,0.025,0.013,-1.026
2014-12-12 11:57:25.967,0.025,0.013,-1.026
2014-12-12 11:57:26.000,0.025,0.013,-1.022
2014-12-12 11:57:26.034,0.025,0.013,-1.026
2014-12-12 11:57:26.067,0.025,0.013,-1.026
2014-12-12 11:57:26.100,0.025,0.013,-1.026
2014-12-12 11:57:26.134,0.025,0.013,-1.026
2014-12-12 11:57:26.167,0.025,0.013,-1.026
2014-12-12 11:57:26.200,0.025,0.013,-1.026
2014-12-12 11:57:26.234,0.033,0.013,-1.026
2014-12-12 11:57:26.267,0.025,0.013,-1.022
2014-12-12 11:57:26.300,0.025,0.013,-1.022
2014-12-12 11:57:26.334,0.025,0.013,-1.026
2014-12-12 11:57:26.367,0.025,0.013,-1.026
2014-12-12 11:57:26.400,0.025,0.013,-1.026
2014-12-12 11:57:26.434,0.025,0.013,-1.022
2014-12-12 11:57:26.467,0.025,0.013,-1.022
2014-12-12 11:57:26.500,0.025,0.013,-1.026
2014-12-12 11:57:26.534,0.033,0.013,-1.022
2014-12-12 11:57:26.567,0.033,0.013,-1.026
2014-12-12 11:57:26.600,0.025,0.013,-1.026
2014-12-12 11:57:26.634,0.025,0.013,-1.026
2014-12-12 11:57:26.667,0.025,0.013,-1.026
2014-12-12 11:57:26.700,0.025,0.013,-1.026
2014-12-12 11:57:26.734,0.025,0.013,-1.026
2014-12-12 11:57:26.767,0.025,0.013,-1.026
2014-12-12 11:57:26.800,0.025,0.013,-1.026
2014-12-12 11:57:26.834,0.025,0.013,-1.026
2014-12-12 11:57:26.867,0.025,0.013,-1.026
2014-12-12 11:57:26.900,0.025,0.013,-1.022
2014-12-12 11:57:26.934,0.025,0.013,-1.026
2014-12-12 11:57:26.967,0.025,0.013,-1.026
2014-12-12 11:57:27.000,0.025,0.013,-1.026
2014-12-12 11:57:27.034,0.025,0.013,-1.026
2014-12-12 11:57:27.067,0.025,0.013,-1.026
2014-12-12 11:57:27.100,0.025,0.013,-1.026
2014-12-12 11:57:27.134,0.025,0.013,-1.026
2014-12-12 11:57:27.167,0.025,0.013,-1.026
2014-12-12 11:57:27.200,0.025,0.013,-1.026
2014-12-12 11:57:27.234,0.025,0.013,-1.026
2014-12-12 11:57:27.267,0.025,0.013,-1.026
2014-12-12 11:57:27.300,0.033,0.013,-1.026
2014-12-12 11:57:27.334,0.025,0.013,-1.026
2014-12-12 11:57:27.367,0.033,0.013,-1.022
2014-12-12 11:57:27.400,0.025,0.013,-1.022
2014-12-12 11:57:27.434,0.025,0.013,-1.026
2014-12-12 11:57:27.467,0.033,0.013,-1.026
2014-12-12 11:57:27.500,0.025,0.013,-1.026
2014-12-12 11:57:27.534,0.025,0.013,-1.026
2014-12-12 11:57:27.567,0.025,0.013,-1.026
2014-12-12 11:57:27.600,0.025,0.013,-1.026
2014-12-12 11:57:27.634,0.025,0.013,-1.022
2014-12-12 11:57:27.667,0.025,0.013,-1.026
2014-12-12 11:57:27.700,0.025,0.013,-1.022
2014-12-12 11:57:27.734,0.025,0.013,-1.026
2014-12-12 11:57:27.767,0.025,0.013,-1.026
2014-12-12 11:57:27.800,0.025,0.013,-1.026
2014-12-12 11:57:27.834,0.025,0.013,-1.026
2014-12-12 11:57:27.867,0.025,0.013,-1.026
2014-12-12 11:57:27.900,0.025,0.013,-1.026
2014-12-12 11:57:27.934,0.025,0.013,-1.026
2014-12-12 11:57:27.967,0.025,0.013,-1.026
2014-12-12 11:57:28.000,0.025,0.013,-1.026
2014-12-12 11:57:28.034,0.025,0.013,-1.026
2014-12-12 11:57:28.067,0.025,0.013,-1.026
2014-12-12 11:57:28.100,0.025,0.013,-1.026
2014-12-12 11:57:28.134,0.033,0.013,-1.022
2014-12-12 11:57:28.167,0.025,0.013,-1.022
2014-12-12 11:57:28.200,0.025,0.013,-1.022
2014-12-12 11:57:28.234,0.025,0.013,-1.026
2014-12-12 11:57:28.267,0.025,0.013,-1.026
2014-12-12 11:57:28.300,0.025,0.013,-1.026
2014-12-12 11:57:28.334,0.025,0.013,-1.026
2014-12-12 11:57:28.367,0.025,0.013,-1.026
2014-12-12 11:57:28.400,0.025,0.013,-1.026
2014-12-12 11:57:28.434,0.033,0.013,-1.026
2014-12-12 11:57:28.467,0.025,0.013,-1.022
2014-12-12 11:57:28.500,0.025,0.013,-1.026
2014-12-12 11:57:28.534,0.025,0.013,-1.026
2014-12-12 11:57:28.567,0.025,0.017,-1.026
2014-12-12 11:57:28.600,0.025,0.017,-1.026
2014-12-12 11:57:28.634,0.025,0.013,-1.026
2014-12-12 11:57:28.667,0.025,0.013,-1.026
2014-12-12 11:57:28.700,0.025,0.013,-1.026
2014-12-12 11:57:28.734,0.025,0.013,-1.026
2014-12-12 11:57:28.767,0.025,0.013,-1.013
2014-12-12 11:57:28.800,0.025,0.013,-1.022
2014-12-12 11:57:28.834,0.025,0.013,-1.026
2014-12-12 11:57:28.867,0.025,0.013,-1.026
2014-12-12 11:57:28.900,0.025,0.013,-1.026
2014-12-12 11:57:28.934,0.025,0.013,-1.022
2014-12-12 11:57:28.967,0.025,0.013,-1.026
2014-12-12 11:57:29.000,0.025,0.009,-1.026
2014-12-12 11:57:29.034,0.025,0.013,-1.026
2014-12-12 11:57:29.067,0.025,0.013,-1.026
2014-12-12 11:57:29.100,0.025,0.013,-1.026
2014-12-12 11:57:29.134,0.025,0.013,-1.026
2014-12-12 11:57:29.167,0.025,0.013,-1.026
2014-12-12 11:57:29.200,0.025,0.013,-1.026
2014-12-12 11:57:29.234,0.025,0.013,-1.026
2014-12-12 11:57:29.267,0.025,0.013,-1.022
2014-12-12 11:57:29.300,0.025,0.013,-1.026
2014-12-12 11:57:29.334,0.025,0.013,-1.026
2014-12-12 11:57:29.367,0.033,0.013,-1.026
2014-12-12 11:57:29.400,0.025,0.013,-1.026
2014-12-12 11:57:29.434,0.025,0.013,-1.026
2014-12-12 11:57:29.467,0.025,0.013,-1.026
2014-12-12 11:57:29.500,0.033,0.013,-1.026
2014-12-12 11:57:29.534,0.025,0.013,-1.026
2014-12-12 11:57:29.567,0.025,0.013,-1.026
2014-12-12 11:57:29.600,0.025,0.013,-1.026
2014-12-12 11:57:29.634,0.025,0.013,-1.026
2014-12-12 11:57:29.667,0.033,0.013,-1.022
2014-12-12 11:57:29.700,0.025,0.013,-1.022
2014-12-12 11:57:29.734,0.025,0.013,-1.013
2014-12-12 11:57:29.767,0.025,0.013,-1.026
2014-12-12 11:57:29.800,0.025,0.013,-1.022
2014-12-12 11:57:29.834,0.033,0.013,-1.026
2014-12-12 11:57:29.867,0.025,0.013,-1.026
2014-12-12 11:57:29.900,0.025,0.013,-1.026
2014-12-12 11:57:29.934,0.025,0.013,-1.026
2014-12-12 11:57:29.967,0.025,0.013,-1.026
2014-12-12 11:57:30.000,0.025,0.013,-1.026
2014-12-12 11:57:30.034,0.025,0.013,-1.026
2014-12-12 11:57:30.067,0.025,0.013,-1.026
2014-12-12 11:57:30.100,0.025,0.013,-1.026
2014-12-12 11:57:30.134,0.025,0.013,-1.026
2014-12-12 11:57:30.167,0.025,0.013,-1.026
2014-12-12 11:57:30.200,0.025,0.013,-1.026
2014-12-12 11:57:30.234,0.025,0.013,-1.026
2014-12-12 11:57:30.267,0.025,0.013,-1.026
2014-12-12 11:57:30.300,0.025,0.013,-1.022
2014-12-12 11:57:30.334,0.025,0.013,-1.026
2014-12-12 11:57:30.367,0.025,0.013,-1.026
2014-12-12 11:57:30.400,0.025,0.013,-1.022
2014-12-12 11:57:30.434,0.025,0.013,-1.026
2014-12-12 11:57:30.467,0.025,0.017,-1.026
2014-12-12 11:57:30.500,0.025,0.013,-1.026
2014-12-12 11:57:30.534,0.025,0.013,-1.017
2014-12-12 11:57:30.567,0.033,0.013,-1.026
2014-12-12 11:57:30.600,0.025,0.013,-1.026
2014-12-12 11:57:30.634,0.025,0.013,-1.026
2014-12-12 11:57:30.667,0.025,0.013,-1.017
2014-12-12 11:57:30.700,0.025,0.013,-1.026
2014-12-12 11:57:30.734,0.025,0.013,-1.026
2014-12-12 11:57:30.767,0.025,0.013,-1.026
2014-12-12 11:57:30.800,0.025,0.013,-1.026
2014-12-12 11:57:30.834,0.025,0.013,-1.026
2014-12-12 11:57:30.867,0.025,0.013,-1.026
2014-12-12 11:57:30.900,0.025,0.013,-1.026
2014-12-12 11:57:30.934,0.025,0.013,-1.026
2014-12-12 11:57:30.967,0.025,0.013,-1.026
2014-12-12 11:57:31.000,0.025,0.013,-1.026
2014-12-12 11:57:31.034,0.025,0.013,-1.022
2014-12-12 11:57:31.067,0.025,0.013,-1.026
2014-12-12 11:57:31.100,0.025,0.013,-1.026
2014-12-12 11:57:31.134,0.025,0.013,-1.026
2014-12-12 11:57:31.167,0.025,0.013,-1.026
2014-12-12 11:57:31.200,0.033,0.013,-1.026
2014-12-12 11:57:31.234,0.025,0.013,-1.026
2014-12-12 11:57:31.267,0.025,0.013,-1.026
2014-12-12 11:57:31.300,0.025,0.013,-1.022
2014-12-12 11:57:31.334,0.025,0.013,-1.026
2014-12-12 11:57:31.367,0.033,0.013,-1.026
2014-12-12 11:57:31.400,0.025,0.013,-1.026
2014-12-12 11:57:31.434,0.025,0.013,-1.022
2014-12-12 11:57:31.467,0.025,0.013,-1.026
2014-12-12 11:57:31.500,0.025,0.013,-1.026
2014-12-12 11:57:31.534,0.025,0.013,-1.017
2014-12-12 11:57:31.567,0.025,0.013,-1.017
2014-12-12 11:57:31.600,0.033,0.013,-1.026
2014-12-12 11:57:31.634,0.025,0.013,-1.013
2014-12-12 11:57:31.667,0.025,0.013,-1.026
2014-12-12 11:57:31.700,0.025,0.013,-1.026
2014-12-12 11:57:31.734,0.025,0.013,-1.022
2014-12-12 11:57:31.767,0.025,0.013,-1.022
2014-12-12 11:57:31.800,0.025,0.013,-1.026
2014-12-12 11:57:31.834,0.025,0.013,-1.026
2014-12-12 11:57:31.867,0.025,0.013,-1.026
2014-12-12 11:57:31.900,0.025,0.013,-1.026
2014-12-12 11:57:31.934,0.025,0.013,-1.026
2014-12-12 11:57:31.967,0.025,0.013,-1.017
2014-12-12 11:57:32.000,0.025,0.013,-1.022
2014-12-12 11:57:32.034,0.025,0.013,-1.026
2014-12-12 11:57:32.067,0.025,0.013,-1.022
2014-12-12 11:57:32.100,0.025,0.013,-1.026
2014-12-12 11:57:32.134,0.025,0.013,-1.026
2014-12-12 11:57:32.167,0.025,0.013,-1.026
2014-12-12 11:57:32.200,0.025,0.013,-1.026
2014-12-12 11:57:32.234,0.025,0.013,-1.022
2014-12-12 11:57:32.267,0.025,0.013,-1.026
2014-12-12 11:57:32.300,0.025,0.013,-1.026
2014-12-12 11:57:32.334,0.025,0.013,-1.026
2014-12-12 11:57:32.367,0.025,0.013,-1.026
2014-12-12 11:57:32.400,0.025,0.013,-1.026
2014-12-12 11:57:32.434,0.025,0.013,-1.013
2014-12-12 11:57:32.467,0.025,0.013,-1.017
2014-12-12 11:57:32.500,0.025,0.013,-1.022
2014-12-12 11:57:32.534,0.025,0.013,-1.022
2014-12-12 11:57:32.567,0.033,0.013,-1.026
2014-12-12 11:57:32.600,0.025,0.013,-1.026
2014-12-12 11:57:32.634,0.025,0.013,-1.026
2014-12-12 11:57:32.667,0.025,0.013,-1.026
2014-12-12 11:57:32.700,0.025,0.013,-1.022
2014-12-12 11:57:32.734,0.033,0.013,-1.022
2014-12-12 11:57:32.767,0.025,0.013,-1.026
2014-12-12 11:57:32.800,0.025,0.013,-1.026
2014-12-12 11:57:32.834,0.025,0.013,-1.026
2014-12-12 11:57:32.867,0.033,0.013,-1.026
2014-12-12 11:57:32.900,0.025,0.013,-1.026
2014-12-12 11:57:32.934,0.025,0.013,-1.026
2014-12-12 11:57:32.967,0.025,0.013,-1.026
2014-12-12 11:57:33.000,0.025,0.013,-1.026
2014-12-12 11:57:33.034,0.033,0.013,-1.022
2014-12-12 11:57:33.067,0.025,0.013,-1.026
2014-12-12 11:57:33.100,0.025,0.013,-1.026
2014-12-12 11:57:33.134,0.025,0.013,-1.026
2014-12-12 11:57:33.167,0.025,0.013,-1.026
2014-12-12 11:57:33.200,0.025,0.013,-1.026
2014-12-12 11:57:33.234,0.025,0.013,-1.026
2014-12-12 11:57:33.267,0.025,0.013,-1.026
2014-12-12 11:57:33.300,0.025,0.013,-1.026
2014-12-12 11:57:33.334,0.025,0.013,-1.026
2014-12-12 11:57:33.367,0.025,0.013,-1.026
2014-12-12 11:57:33.400,0.025,0.013,-1.026
2014-12-12 11:57:33.434,0.025,0.013,-1.026
2014-12-12 11:57:33.467,0.025,0.013,-1.026
2014-12-12 11:57:33.500,0.033,0.013,-1.026
2014-12-12 11:57:33.534,0.025,0.013,-1.022
2014-12-12 11:57:33.567,0.025,0.017,-1.026
2014-12-12 11:57:33.600,0.025,0.013,-1.026
2014-12-12 11:57:33.634,0.025,0.013,-1.022
2014-12-12 11:57:33.667,0.025,0.013,-1.017
2014-12-12 11:57:33.700,0.025,0.013,-1.013
2014-12-12 11:57:33.734,0.025,0.013,-1.026
2014-12-12 11:57:33.767,0.033,0.013,-1.026
2014-12-12 11:57:33.800,0.025,0.013,-1.013
2014-12-12 11:57:33.834,0.025,0.013,-1.026
2014-12-12 11:57:33.867,0.025,0.013,-1.026
2014-12-12 11:57:33.900,0.025,0.013,-1.026
2014-12-12 11:57:33.934,0.033,0.013,-1.026
2014-12-12 11:57:33.967,0.033,0.013,-1.026
2014-12-12 11:57:34.000,0.025,0.013,-1.026
2014-12-12 11:57:34.034,0.033,0.013,-1.026
2014-12-12 11:57:34.067,0.033,0.013,-1.026
2014-12-12 11:57:34.100,0.025,0.013,-1.026
2014-12-12 11:57:34.134,0.025,0.013,-1.026
2014-12-12 11:57:34.167,0.025,0.013,-1.026
2014-12-12 11:57:34.200,0.025,0.013,-1.026
2014-12-12 11:57:34.234,0.025,0.013,-1.026
2014-12-12 11:57:34.267,0.033,0.013,-1.026
2014-12-12 11:57:34.300,0.025,0.013,-1.026
2014-12-12 11:57:34.334,0.025,0.013,-1.022
2014-12-12 11:57:34.367,0.025,0.017,-1.026
2014-12-12 11:57:34.400,0.025,0.013,-1.022
2014-12-12 11:57:34.434,0.025,0.013,-1.026
2014-12-12 11:57:34.467,0.025,0.013,-1.026
2014-12-12 11:57:34.500,0.025,0.013,-1.026
2014-12-12 11:57:34.534,0.025,0.013,-1.026
2014-12-12 11:57:34.567,0.025,0.013,-1.026
2014-12-12 11:57:34.600,0.025,0.017,-1.026
2014-12-12 11:57:34.634,0.025,0.013,-1.026
2014-12-12 11:57:34.667,0.025,0.017,-1.013
2014-12-12 11:57:34.700,0.025,0.013,-1.026
2014-12-12 11:57:34.734,0.025,0.013,-1.013
2014-12-12 11:57:34.767,0.025,0.013,-1.026
2014-12-12 11:57:34.800,0.025,0.013,-1.022
2014-12-12 11:57:34.834,0.025,0.013,-1.026
2014-12-12 11:57:34.867,0.025,0.013,-1.026
2014-12-12 11:57:34.900,0.025,0.013,-1.026
2014-12-12 11:57:34.934,0.025,0.013,-1.022
2014-12-12 11:57:34.967,0.025,0.013,-1.026
2014-12-12 11:57:35.000,0.025,0.013,-1.026
2014-12-12 11:57:35.034,0.033,0.013,-1.026
2014-12-12 11:57:35.067,0.025,0.013,-1.026
2014-12-12 11:57:35.100,0.025,0.013,-1.026
2014-12-12 11:57:35.134,0.025,0.013,-1.026
2014-12-12 11:57:35.167,0.025,0.013,-1.026
2014-12-12 11:57:35.200,0.025,0.013,-1.026
2014-12-12 11:57:35.234,0.025,0.013,-1.026
2014-12-12 11:57:35.267,0.025,0.013,-1.026
2014-12-12 11:57:35.300,0.025,0.013,-1.026
2014-12-12 11:57:35.334,0.025,0.013,-1.026
2014-12-12 11:57:35.367,0.025,0.013,-1.026
2014-12-12 11:57:35.400,0.025,0.013,-1.026
2014-12-12 11:57:35.434,0.025,0.013,-1.026
2014-12-12 11:57:35.467,0.025,0.013,-1.026
2014-12-12 11:57:35.500,0.025,0.017,-1.017
2014-12-12 11:57:35.534,0.033,0.013,-1.022
2014-12-12 11:57:35.567,0.025,0.013,-1.022
2014-12-12 11:57:35.600,0.025,0.013,-1.026
2014-12-12 11:57:35.634,0.025,0.013,-1.026
2014-12-12 11:57:35.667,0.025,0.013,-1.026
2014-12-12 11:57:35.700,0.025,0.013,-1.026
2014-12-12 11:57:35.734,0.025,0.013,-1.026
2014-12-12 11:57:35.767,0.025,0.013,-1.026
2014-12-12 11:57:35.800,0.025,0.013,-1.013
2014-12-12 11:57:35.834,0.025,0.013,-1.022
2014-12-12 11:57:35.867,0.025,0.013,-1.026
2014-12-12 11:57:35.900,0.025,0.013,-1.026
2014-12-12 11:57:35.934,0.025,0.013,-1.022
2014-12-12 11:57:35.967,0.025,0.013,-1.026
2014-12-12 11:57:36.000,0.025,0.013,-1.026
2014-12-12 11:57:36.034,0.025,0.013,-1.026
2014-12-12 11:57:36.067,0.025,0.013,-1.026
2014-12-12 11:57:36.100,0.025,0.013,-1.026
2014-12-12 11:57:36.134,0.025,0.013,-1.026
2014-12-12 11:57:36.167,0.025,0.013,-1.026
2014-12-12 11:57:36.200,0.025,0.013,-1.026
2014-12-12 11:57:36.234,0.025,0.013,-1.026
2014-12-12 11:57:36.267,0.025,0.013,-1.022
2014-12-12 11:57:36.300,0.025,0.013,-1.026
2014-12-12 11:57:36.334,0.025,0.013,-1.026
2014-12-12 11:57:36.367,0.025,0.013,-1.026
2014-12-12 11:57:36.400,0.025,0.013,-1.026
2014-12-12 11:57:36.434,0.033,0.013,-1.026
2014-12-12 11:57:36.467,0.025,0.013,-1.026
2014-12-12 11:57:36.500,0.025,0.013,-1.026
2014-12-12 11:57:36.534,0.025,0.013,-1.026
2014-12-12 11:57:36.567,0.025,0.013,-1.022
2014-12-12 11:57:36.600,0.025,0.013,-1.022
2014-12-12 11:57:36.634,0.025,0.013,-1.022
2014-12-12 11:57:36.667,0.025,0.013,-1.022
2014-12-12 11:57:36.700,0.025,0.013,-1.026
2014-12-12 11:57:36.734,0.025,0.013,-1.026
2014-12-12 11:57:36.767,0.025,0.013,-1.026
2014-12-12 11:57:36.800,0.025,0.013,-1.022
2014-12-12 11:57:36.834,0.025,0.013,-1.026
2014-12-12 11:57:36.867,0.025,0.013,-1.026
2014-12-12 11:57:36.900,0.025,0.013,-1.022
2014-12-12 11:57:36.934,0.025,0.013,-1.026
2014-12-12 11:57:36.967,0.025,0.013,-1.026
2014-12-12 11:57:37.000,0.025,0.013,-1.026
2014-12-12 11:57:37.034,0.033,0.013,-1.026
2014-12-12 11:57:37.067,0.025,0.013,-1.026
2014-12-12 11:57:37.100,0.025,0.013,-1.022
2014-12-12 11:57:37.134,0.025,0.013,-1.026
2014-12-12 11:57:37.167,0.025,0.013,-1.026
2014-12-12 11:57:37.200,0.025,0.013,-1.026
2014-12-12 11:57:37.234,0.025,0.013,-1.026
2014-12-12 11:57:37.267,0.025,0.013,-1.026
2014-12-12 11:57:37.300,0.025,0.013,-1.026
2014-12-12 11:57:37.334,0.025,0.013,-1.017
2014-12-12 11:57:37.367,0.025,0.013,-1.026
2014-12-12 11:57:37.400,0.025,0.013,-1.026
2014-12-12 11:57:37.434,0.025,0.013,-1.026
2014-12-12 11:57:37.467,0.025,0.013,-1.017
2014-12-12 11:57:37.500,0.025,0.013,-1.026
2014-12-12 11:57:37.534,0.025,0.013,-1.026
2014-12-12 11:57:37.567,0.025,0.013,-1.026
2014-12-12 11:57:37.600,0.025,0.013,-1.026
2014-12-12 11:57:37.634,0.025,0.013,-1.026
2014-12-12 11:57:37.667,0.025,0.013,-1.026
2014-12-12 11:57:37.700,0.025,0.013,-1.022
2014-12-12 11:57:37.734,0.025,0.013,-1.026
2014-12-12 11:57:37.767,0.025,0.013,-1.026
2014-12-12 11:57:37.800,0.025,0.013,-1.026
2014-12-12 11:57:37.834,0.025,0.013,-1.026
2014-12-12 11:57:37.867,0.025,0.013,-1.026
2014-12-12 11:57:37.900,0.025,0.013,-1.026
2014-12-12 11:57:37.934,0.025,0.013,-1.026
2014-12-12 11:57:37.967,0.025,0.013,-1.022
2014-12-12 11:57:38.000,0.025,0.013,-1.022
2014-12-12 11:57:38.034,0.025,0.013,-1.026
2014-12-12 11:57:38.067,0.033,0.009,-1.026
2014-12-12 11:57:38.100,0.025,0.013,-1.026
2014-12-12 11:57:38.134,0.025,0.013,-1.022
2014-12-12 11:57:38.167,0.025,0.013,-1.026
2014-12-12 11:57:38.200,0.025,0.013,-1.026
2014-12-12 11:57:38.234,0.033,0.013,-1.026
2014-12-12 11:57:38.267,0.033,0.013,-1.026
2014-12-12 11:57:38.300,0.025,0.013,-1.026
2014-12-12 11:57:38.334,0.025,0.013,-1.026
2014-12-12 11:57:38.367,0.025,0.013,-1.026
2014-12-12 11:57:38.400,0.025,0.013,-1.022
2014-12-12 11:57:38.434,0.025,0.013,-1.026
2014-12-12 11:57:38.467,0.025,0.013,-1.026
2014-12-12 11:57:38.500,0.038,0.013,-1.022
2014-12-12 11:57:38.534,0.025,0.017,-1.022
2014-12-12 11:57:38.567,0.025,0.017,-1.017
2014-12-12 11:57:38.600,0.033,0.017,-1.026
2014-12-12 11:57:38.634,0.025,0.013,-1.026
2014-12-12 11:57:38.667,0.025,0.013,-1.026
2014-12-12 11:57:38.700,0.025,0.013,-1.026
2014-12-12 11:57:38.734,0.025,0.013,-1.026
2014-12-12 11:57:38.767,0.025,0.013,-1.026
2014-12-12 11:57:38.800,0.025,0.013,-1.022
2014-12-12 11:57:38.834,0.033,0.013,-1.022
2014-12-12 11:57:38.867,0.025,0.013,-1.026
2014-12-12 11:57:38.900,0.025,0.013,-1.022
2014-12-12 11:57:38.934,0.033,0.013,-1.022
2014-12-12 11:57:38.967,0.033,0.013,-1.026
2014-12-12 11:57:39.000,0.025,0.013,-1.026
2014-12-12 11:57:39.034,0.025,0.013,-1.026
2014-12-12 11:57:39.067,0.025,0.013,-1.026
2014-12-12 11:57:39.100,0.025,0.013,-1.026
2014-12-12 11:57:39.134,0.033,0.013,-1.026
2014-12-12 11:57:39.167,0.025,0.013,-1.026
2014-12-12 11:57:39.200,0.025,0.013,-1.026
2014-12-12 11:57:39.234,0.025,0.013,-1.026
2014-12-12 11:57:39.267,0.025,0.013,-1.026
2014-12-12 11:57:39.300,0.025,0.013,-1.03
2014-12-12 11:57:39.334,0.025,0.013,-1.026
2014-12-12 11:57:39.367,0.025,0.013,-1.022
2014-12-12 11:57:39.400,0.025,0.013,-1.026
2014-12-12 11:57:39.434,0.025,0.013,-1.026
2014-12-12 11:57:39.467,0.025,0.013,-1.026
2014-12-12 11:57:39.500,0.025,0.013,-1.026
2014-12-12 11:57:39.534,0.025,0.013,-1.026
2014-12-12 11:57:39.567,0.025,0.013,-1.026
2014-12-12 11:57:39.600,0.025,0.013,-1.026
2014-12-12 11:57:39.634,0.025,0.013,-1.022
2014-12-12 11:57:39.667,0.025,0.013,-1.022
2014-12-12 11:57:39.700,0.025,0.013,-1.022
2014-12-12 11:57:39.734,0.025,0.013,-1.017
2014-12-12 11:57:39.767,0.025,0.013,-1.022
2014-12-12 11:57:39.800,0.025,0.017,-1.026
2014-12-12 11:57:39.834,0.025,0.013,-1.026
2014-12-12 11:57:39.867,0.025,0.013,-1.026
2014-12-12 11:57:39.900,0.025,0.013,-1.026
2014-12-12 11:57:39.934,0.025,0.013,-1.026
2014-12-12 11:57:39.967,0.025,0.013,-1.026
2014-12-12 11:57:40.000,0.025,0.013,-1.026
2014-12-12 11:57:40.034,0.025,0.013,-1.026
2014-12-12 11:57:40.067,0.025,0.013,-1.026
2014-12-12 11:57:40.100,0.025,0.013,-1.026
2014-12-12 11:57:40.134,0.025,0.013,-1.022
2014-12-12 11:57:40.167,0.025,0.013,-1.026
2014-12-12 11:57:40.200,0.025,0.013,-1.022
2014-12-12 11:57:40.234,0.033,0.013,-1.026
2014-12-12 11:57:40.267,0.025,0.013,-1.026
2014-12-12 11:57:40.300,0.025,0.013,-1.026
2014-12-12 11:57:40.334,0.025,0.013,-1.026
2014-12-12 11:57:40.367,0.025,0.013,-1.026
2014-12-12 11:57:40.400,0.025,0.013,-1.017
2014-12-12 11:57:40.434,0.025,0.013,-1.026
2014-12-12 11:57:40.467,0.025,0.013,-1.022
2014-12-12 11:57:40.500,0.033,0.013,-1.026
2014-12-12 11:57:40.534,0.025,0.013,-1.022
2014-12-12 11:57:40.567,0.025,0.013,-1.026
2014-12-12 11:57:40.600,0.025,0.013,-1.026
2014-12-12 11:57:40.634,0.033,0.013,-1.026
2014-12-12 11:57:40.667,0.025,0.013,-1.026
2014-12-12 11:57:40.700,0.025,0.013,-1.026
2014-12-12 11:57:40.734,0.025,0.013,-1.026
2014-12-12 11:57:40.767,0.025,0.013,-1.022
2014-12-12 11:57:40.800,0.033,0.013,-1.026
2014-12-12 11:57:40.834,0.025,0.013,-1.026
2014-12-12 11:57:40.867,0.025,0.013,-1.026
2014-12-12 11:57:40.900,0.025,0.013,-1.026
2014-12-12 11:57:40.934,0.025,0.013,-1.026
2014-12-12 11:57:40.967,0.025,0.013,-1.026
2014-12-12 11:57:41.000,0.025,0.013,-1.026
2014-12-12 11:57:41.034,0.025,0.013,-1.026
2014-12-12 11:57:41.067,0.025,0.013,-1.022
2014-12-12 11:57:41.100,0.025,0.013,-1.026
2014-12-12 11:57:41.134,0.025,0.013,-1.026
2014-12-12 11:57:41.167,0.025,0.013,-1.026
2014-12-12 11:57:41.200,0.025,0.013,-1.026
2014-12-12 11:57:41.234,0.025,0.013,-1.026
2014-12-12 11:57:41.267,0.025,0.013,-1.026
2014-12-12 11:57:41.300,0.033,0.013,-1.026
2014-12-12 11:57:41.334,0.025,0.013,-1.022
2014-12-12 11:57:41.367,0.025,0.013,-1.026
2014-12-12 11:57:41.400,0.025,0.013,-1.022
2014-12-12 11:57:41.434,0.025,0.013,-1.026
2014-12-12 11:57:41.467,0.025,0.013,-1.026
2014-12-12 11:57:41.500,0.025,0.017,-1.026
2014-12-12 11:57:41.534,0.025,0.013,-1.022
2014-12-12 11:57:41.567,0.025,0.017,-1.026
2014-12-12 11:57:41.600,0.025,0.013,-1.017
2014-12-12 11:57:41.634,0.025,0.013,-1.026
2014-12-12 11:57:41.667,0.033,0.013,-1.022
2014-12-12 11:57:41.700,0.025,0.013,-1.026
2014-12-12 11:57:41.734,0.025,0.013,-1.026
2014-12-12 11:57:41.767,0.025,0.013,-1.026
2014-12-12 11:57:41.800,0.033,0.013,-1.026
2014-12-12 11:57:41.834,0.025,0.013,-1.026
2014-12-12 11:57:41.867,0.025,0.013,-1.022
2014-12-12 11:57:41.900,0.025,0.013,-1.026
2014-12-12 11:57:41.934,0.025,0.013,-1.026
2014-12-12 11:57:41.967,0.025,0.013,-1.026
2014-12-12 11:57:42.000,0.025,0.013,-1.026
2014-12-12 11:57:42.034,0.025,0.013,-1.026
2014-12-12 11:57:42.067,0.025,0.013,-1.026
2014-12-12 11:57:42.100,0.025,0.013,-1.022
2014-12-12 11:57:42.134,0.025,0.013,-1.026
2014-12-12 11:57:42.167,0.025,0.013,-1.026
2014-12-12 11:57:42.200,0.025,0.013,-1.026
2014-12-12 11:57:42.234,0.025,0.013,-1.026
2014-12-12 11:57:42.267,0.033,0.013,-1.026
2014-12-12 11:57:42.300,0.025,0.013,-1.026
2014-12-12 11:57:42.334,0.025,0.013,-1.022
2014-12-12 11:57:42.367,0.025,0.013,-1.026
2014-12-12 11:57:42.400,0.025,0.013,-1.026
2014-12-12 11:57:42.434,0.025,0.013,-1.026
2014-12-12 11:57:42.467,0.025,0.013,-1.026
2014-12-12 11:57:42.500,0.025,0.013,-1.026
2014-12-12 11:57:42.534,0.025,0.013,-1.026
2014-12-12 11:57:42.567,0.033,0.013,-1.026
2014-12-12 11:57:42.600,0.025,0.013,-1.026
2014-12-12 11:57:42.634,0.025,0.013,-1.022
2014-12-12 11:57:42.667,0.025,0.013,-1.026
2014-12-12 11:57:42.700,0.033,0.013,-1.026
2014-12-12 11:57:42.734,0.025,0.013,-1.026
2014-12-12 11:57:42.767,0.025,0.013,-1.022
2014-12-12 11:57:42.800,0.025,0.013,-1.026
2014-12-12 11:57:42.834,0.025,0.013,-1.026
2014-12-12 11:57:42.867,0.025,0.013,-1.022
2014-12-12 11:57:42.900,0.025,0.013,-1.026
2014-12-12 11:57:42.934,0.025,0.013,-1.022
2014-12-12 11:57:42.967,0.025,0.013,-1.026
2014-12-12 11:57:43.000,0.025,0.013,-1.026
2014-12-12 11:57:43.034,0.025,0.013,-1.026
2014-12-12 11:57:43.067,0.025,0.013,-1.026
2014-12-12 11:57:43.100,0.025,0.013,-1.026
2014-12-12 11:57:43.134,0.033,0.013,-1.026
2014-12-12 11:57:43.167,0.025,0.013,-1.026
2014-12-12 11:57:43.200,0.033,0.013,-1.026
2014-12-12 11:57:43.234,0.025,0.013,-1.026
2014-12-12 11:57:43.267,0.025,0.013,-1.026
2014-12-12 11:57:43.300,0.025,0.013,-1.026
2014-12-12 11:57:43.334,0.025,0.013,-1.026
2014-12-12 11:57:43.367,0.025,0.013,-1.026
2014-12-12 11:57:43.400,0.025,0.013,-1.026
2014-12-12 11:57:43.434,0.025,0.013,-1.022
2014-12-12 11:57:43.467,0.025,0.013,-1.026
2014-12-12 11:57:43.500,0.025,0.013,-1.022
2014-12-12 11:57:43.534,0.025,0.013,-1.026
2014-12-12 11:57:43.567,0.025,0.013,-1.026
2014-12-12 11:57:43.600,0.025,0.013,-1.026
2014-12-12 11:57:43.634,0.025,0.013,-1.026
2014-12-12 11:57:43.667,0.025,0.013,-1.026
2014-12-12 11:57:43.700,0.025,0.013,-1.026
2014-12-12 11:57:43.734,0.025,0.013,-1.022
2014-12-12 11:57:43.767,0.033,0.013,-1.026
2014-12-12 11:57:43.800,0.025,0.013,-1.026
2014-12-12 11:57:43.834,0.025,0.013,-1.013
2014-12-12 11:57:43.867,0.025,0.013,-1.026
2014-12-12 11:57:43.900,0.025,0.013,-1.022
2014-12-12 11:57:43.934,0.033,0.013,-1.026
2014-12-12 11:57:43.967,0.025,0.013,-1.026
2014-12-12 11:57:44.000,0.025,0.013,-1.022
2014-12-12 11:57:44.034,0.025,0.013,-1.026
2014-12-12 11:57:44.067,0.025,0.013,-1.022
2014-12-12 11:57:44.100,0.025,0.013,-1.026
2014-12-12 11:57:44.134,0.025,0.013,-1.026
2014-12-12 11:57:44.167,0.025,0.013,-1.026
2014-12-12 11:57:44.200,0.025,0.013,-1.026
2014-12-12 11:57:44.234,0.025,0.013,-1.026
2014-12-12 11:57:44.267,0.025,0.013,-1.026
2014-12-12 11:57:44.300,0.025,0.013,-1.026
2014-12-12 11:57:44.334,0.025,0.013,-1.026
2014-12-12 11:57:44.367,0.025,0.013,-1.026
2014-12-12 11:57:44.400,0.025,0.013,-1.026
2014-12-12 11:57:44.434,0.025,0.013,-1.026
2014-12-12 11:57:44.467,0.025,0.013,-1.022
2014-12-12 11:57:44.500,0.025,0.013,-1.022
2014-12-12 11:57:44.534,0.025,0.013,-1.026
2014-12-12 11:57:44.567,0.025,0.013,-1.026
2014-12-12 11:57:44.600,0.025,0.013,-1.022
2014-12-12 11:57:44.634,0.033,0.013,-1.022
2014-12-12 11:57:44.667,0.025,0.013,-1.026
2014-12-12 11:57:44.700,0.025,0.013,-1.026
2014-12-12 11:57:44.734,0.025,0.013,-1.022
2014-12-12 11:57:44.767,0.025,0.013,-1.026
2014-12-12 11:57:44.800,0.025,0.013,-1.026
2014-12-12 11:57:44.834,0.033,0.013,-1.026
2014-12-12 11:57:44.867,0.025,0.013,-1.022
2014-12-12 11:57:44.900,0.025,0.013,-1.026
2014-12-12 11:57:44.934,0.025,0.013,-1.022
2014-12-12 11:57:44.967,0.025,0.013,-1.026
2014-12-12 11:57:45.000,0.025,0.013,-1.026
2014-12-12 11:57:45.034,0.025,0.013,-1.026
2014-12-12 11:57:45.067,0.025,0.013,-1.026
2014-12-12 11:57:45.100,0.025,0.013,-1.026
2014-12-12 11:57:45.134,0.025,0.013,-1.026
2014-12-12 11:57:45.167,0.025,0.013,-1.026
2014-12-12 11:57:45.200,0.025,0.013,-1.022
2014-12-12 11:57:45.234,0.025,0.013,-1.026
2014-12-12 11:57:45.267,0.025,0.013,-1.026
2014-12-12 11:57:45.300,0.025,0.013,-1.026
2014-12-12 11:57:45.334,0.025,0.013,-1.026
2014-12-12 11:57:45.367,0.033,0.013,-1.026
2014-12-12 11:57:45.400,0.033,0.013,-1.026
2014-12-12 11:57:45.434,0.025,0.013,-1.026
2014-12-12 11:57:45.467,0.025,0.013,-1.026
2014-12-12 11:57:45.500,0.025,0.013,-1.017
2014-12-12 11:57:45.534,0.025,0.013,-1.026
2014-12-12 11:57:45.567,0.025,0.013,-1.026
2014-12-12 11:57:45.600,0.025,0.017,-1.026
2014-12-12 11:57:45.634,0.033,0.013,-1.022
2014-12-12 11:57:45.667,0.025,0.013,-1.026
2014-12-12 11:57:45.700,0.025,0.013,-1.022
2014-12-12 11:57:45.734,0.025,0.013,-1.026
2014-12-12 11:57:45.767,0.025,0.013,-1.022
2014-12-12 11:57:45.800,0.025,0.013,-1.026
2014-12-12 11:57:45.834,0.033,0.013,-1.022
2014-12-12 11:57:45.867,0.033,0.013,-1.022
2014-12-12 11:57:45.900,0.025,0.013,-1.026
2014-12-12 11:57:45.934,0.025,0.013,-1.026
2014-12-12 11:57:45.967,0.025,0.013,-1.026
2014-12-12 11:57:46.000,0.025,0.013,-1.026
2014-12-12 11:57:46.034,0.025,0.013,-1.026
2014-12-12 11:57:46.067,0.025,0.013,-1.026
2014-12-12 11:57:46.100,0.025,0.013,-1.026
2014-12-12 11:57:46.134,0.025,0.013,-1.026
2014-12-12 11:57:46.167,0.025,0.013,-1.026
2014-12-12 11:57:46.200,0.025,0.013,-1.026
2014-12-12 11:57:46.234,0.025,0.013,-1.026
2014-12-12 11:57:46.267,0.025,0.013,-1.026
2014-12-12 11:57:46.300,0.025,0.013,-1.026
2014-12-12 11:57:46.334,0.025,0.013,-1.026
2014-12-12 11:57:46.367,0.025,0.013,-1.026
2014-12-12 11:57:46.400,0.033,0.013,-1.026
2014-12-12 11:57:46.434,0.025,0.013,-1.026
2014-12-12 11:57:46.467,0.025,0.013,-1.017
2014-12-12 11:57:46.500,0.025,0.013,-1.026
2014-12-12 11:57:46.534,0.025,0.013,-1.026
2014-12-12 11:57:46.567,0.025,0.013,-1.026
2014-12-12 11:57:46.600,0.025,0.013,-1.026
2014-12-12 11:57:46.634,0.025,0.013,-1.026
2014-12-12 11:57:46.667,0.033,0.013,-1.026
2014-12-12 11:57:46.700,0.025,0.013,-1.022
2014-12-12 11:57:46.734,0.033,0.013,-1.022
2014-12-12 11:57:46.767,0.025,0.013,-1.026
2014-12-12 11:57:46.800,0.025,0.013,-1.026
2014-12-12 11:57:46.834,0.025,0.013,-1.022
2014-12-12 11:57:46.867,0.025,0.013,-1.017
2014-12-12 11:57:46.900,0.025,0.013,-1.026
2014-12-12 11:57:46.934,0.025,0.013,-1.017
2014-12-12 11:57:46.967,0.025,0.013,-1.022
2014-12-12 11:57:47.000,0.025,0.013,-1.026
2014-12-12 11:57:47.034,0.033,0.013,-1.026
2014-12-12 11:57:47.067,0.025,0.013,-1.026
2014-12-12 11:57:47.100,0.025,0.009,-1.026
2014-12-12 11:57:47.134,0.025,0.013,-1.026
2014-12-12 11:57:47.167,0.025,0.013,-1.026
2014-12-12 11:57:47.200,0.025,0.013,-1.026
2014-12-12 11:57:47.234,0.033,0.013,-1.026
2014-12-12 11:57:47.267,0.033,0.013,-1.026
2014-12-12 11:57:47.300,0.025,0.013,-1.026
2014-12-12 11:57:47.334,0.025,0.013,-1.026
2014-12-12 11:57:47.367,0.025,0.013,-1.022
2014-12-12 11:57:47.400,0.025,0.013,-1.026
2014-12-12 11:57:47.434,0.025,0.013,-1.026
2014-12-12 11:57:47.467,0.025,0.013,-1.026
2014-12-12 11:57:47.500,0.033,0.013,-1.026
2014-12-12 11:57:47.534,0.025,0.013,-1.026
2014-12-12 11:57:47.567,0.025,0.013,-1.026
2014-12-12 11:57:47.600,0.025,0.013,-1.026
2014-12-12 11:57:47.634,0.025,0.013,-1.026
2014-12-12 11:57:47.667,0.025,0.013,-1.026
2014-12-12 11:57:47.700,0.025,0.013,-1.026
2014-12-12 11:57:47.734,0.025,0.013,-1.022
2014-12-12 11:57:47.767,0.025,0.013,-1.022
2014-12-12 11:57:47.800,0.025,0.013,-1.022
2014-12-12 11:57:47.834,0.025,0.013,-1.026
2014-12-12 11:57:47.867,0.025,0.013,-1.022
2014-12-12 11:57:47.900,0.025,0.013,-1.026
2014-12-12 11:57:47.934,0.025,0.013,-1.026
2014-12-12 11:57:47.967,0.025,0.013,-1.026
2014-12-12 11:57:48.000,0.025,0.013,-1.026
2014-12-12 11:57:48.034,0.025,0.013,-1.026
2014-12-12 11:57:48.067,0.025,0.013,-1.022
2014-12-12 11:57:48.100,0.025,0.013,-1.026
2014-12-12 11:57:48.134,0.025,0.013,-1.026
2014-12-12 11:57:48.167,0.025,0.013,-1.026
2014-12-12 11:57:48.200,0.025,0.013,-1.026
2014-12-12 11:57:48.234,0.025,0.013,-1.026
2014-12-12 11:57:48.267,0.025,0.013,-1.026
2014-12-12 11:57:48.300,0.025,0.013,-1.022
2014-12-12 11:57:48.334,0.025,0.013,-1.013
2014-12-12 11:57:48.367,0.025,0.013,-1.026
2014-12-12 11:57:48.400,0.025,0.013,-1.026
2014-12-12 11:57:48.434,0.025,0.013,-1.026
2014-12-12 11:57:48.467,0.025,0.013,-1.026
2014-12-12 11:57:48.500,0.025,0.013,-1.026
2014-12-12 11:57:48.534,0.025,0.013,-1.026
2014-12-12 11:57:48.567,0.025,0.013,-1.026
2014-12-12 11:57:48.600,0.025,0.013,-1.013
2014-12-12 11:57:48.634,0.033,0.013,-1.026
2014-12-12 11:57:48.667,0.025,0.013,-1.022
2014-12-12 11:57:48.700,0.025,0.013,-1.026
2014-12-12 11:57:48.734,0.025,0.013,-1.022
2014-12-12 11:57:48.767,0.025,0.013,-1.026
2014-12-12 11:57:48.800,0.025,0.013,-1.022
2014-12-12 11:57:48.834,0.025,0.013,-1.013
2014-12-12 11:57:48.867,0.025,0.013,-1.026
2014-12-12 11:57:48.900,0.025,0.013,-1.022
2014-12-12 11:57:48.934,0.025,0.013,-1.026
2014-12-12 11:57:48.967,0.025,0.013,-1.013
2014-12-12 11:57:49.000,0.025,0.013,-1.026
2014-12-12 11:57:49.034,0.025,0.013,-1.026
2014-12-12 11:57:49.067,0.025,0.013,-1.026
2014-12-12 11:57:49.100,0.025,0.013,-1.026
2014-12-12 11:57:49.134,0.025,0.013,-1.026
2014-12-12 11:57:49.167,0.025,0.013,-1.026
2014-12-12 11:57:49.200,0.025,0.013,-1.026
2014-12-12 11:57:49.234,0.025,0.013,-1.026
2014-12-12 11:57:49.267,0.025,0.013,-1.026
2014-12-12 11:57:49.300,0.025,0.013,-1.026
2014-12-12 11:57:49.334,0.025,0.013,-1.026
2014-12-12 11:57:49.367,0.025,0.013,-1.026
2014-12-12 11:57:49.400,0.025,0.013,-1.026
2014-12-12 11:57:49.434,0.025,0.013,-1.026
2014-12-12 11:57:49.467,0.025,0.013,-1.022
2014-12-12 11:57:49.500,0.025,0.013,-1.026
2014-12-12 11:57:49.534,0.025,0.013,-1.026
2014-12-12 11:57:49.567,0.025,0.013,-1.022
2014-12-12 11:57:49.600,0.025,0.013,-1.026
2014-12-12 11:57:49.634,0.025,0.013,-1.026
2014-12-12 11:57:49.667,0.025,0.013,-1.026
2014-12-12 11:57:49.700,0.025,0.013,-1.026
2014-12-12 11:57:49.734,0.025,0.013,-1.022
2014-12-12 11:57:49.767,0.025,0.013,-1.026
2014-12-12 11:57:49.800,0.025,0.013,-1.026
2014-12-12 11:57:49.834,0.025,0.013,-1.026
2014-12-12 11:57:49.867,0.025,0.013,-1.017
2014-12-12 11:57:49.900,0.033,0.013,-1.026
2014-12-12 11:57:49.934,0.025,0.013,-1.026
2014-12-12 11:57:49.967,0.025,0.013,-1.026
2014-12-12 11:57:50.000,0.025,0.013,-1.026
2014-12-12 11:57:50.034,0.025,0.013,-1.017
2014-12-12 11:57:50.067,0.025,0.013,-1.022
2014-12-12 11:57:50.100,0.025,0.013,-1.026
2014-12-12 11:57:50.134,0.033,0.013,-1.026
2014-12-12 11:57:50.167,0.025,0.013,-1.026
2014-12-12 11:57:50.200,0.025,0.013,-1.026
2014-12-12 11:57:50.234,0.025,0.013,-1.026
2014-12-12 11:57:50.267,0.025,0.013,-1.026
2014-12-12 11:57:50.300,0.025,0.013,-1.026
2014-12-12 11:57:50.334,0.025,0.013,-1.022
2014-12-12 11:57:50.367,0.025,0.013,-1.026
2014-12-12 11:57:50.400,0.025,0.013,-1.026
2014-12-12 11:57:50.434,0.025,0.013,-1.026
2014-12-12 11:57:50.467,0.025,0.013,-1.026
2014-12-12 11:57:50.500,0.025,0.013,-1.026
2014-12-12 11:57:50.534,0.025,0.013,-1.026
2014-12-12 11:57:50.567,0.025,0.013,-1.026
2014-12-12 11:57:50.600,0.025,0.013,-1.013
2014-12-12 11:57:50.634,0.025,0.013,-1.026
2014-12-12 11:57:50.667,0.025,0.013,-1.026
2014-12-12 11:57:50.700,0.025,0.013,-1.017
2014-12-12 11:57:50.734,0.025,0.013,-1.022
2014-12-12 11:57:50.767,0.025,0.013,-1.017
2014-12-12 11:57:50.800,0.025,0.013,-1.017
2014-12-12 11:57:50.834,0.025,0.013,-1.026
2014-12-12 11:57:50.867,0.025,0.013,-1.026
2014-12-12 11:57:50.900,0.025,0.013,-1.026
2014-12-12 11:57:50.934,0.025,0.013,-1.022
2014-12-12 11:57:50.967,0.025,0.013,-1.026
2014-12-12 11:57:51.000,0.025,0.013,-1.022
2014-12-12 11:57:51.034,0.025,0.013,-1.026
2014-12-12 11:57:51.067,0.025,0.013,-1.022
2014-12-12 11:57:51.100,0.025,0.013,-1.022
2014-12-12 11:57:51.134,0.025,0.013,-1.026
2014-12-12 11:57:51.167,0.025,0.013,-1.026
2014-12-12 11:57:51.200,0.025,0.013,-1.026
2014-12-12 11:57:51.234,0.025,0.013,-1.026
2014-12-12 11:57:51.267,0.025,0.013,-1.026
2014-12-12 11:57:51.300,0.033,0.013,-1.026
2014-12-12 11:57:51.334,0.025,0.013,-1.026
2014-12-12 11:57:51.367,0.025,0.013,-1.026
2014-12-12 11:57:51.400,0.033,0.013,-1.026
2014-12-12 11:57:51.434,0.025,0.013,-1.026
2014-12-12 11:57:51.467,0.025,0.013,-1.026
2014-12-12 11:57:51.500,0.025,0.013,-1.026
2014-12-12 11:57:51.534,0.025,0.013,-1.022
2014-12-12 11:57:51.567,0.033,0.013,-1.026
2014-12-12 11:57:51.600,0.025,0.013,-1.026
2014-12-12 11:57:51.634,0.025,0.013,-1.022
2014-12-12 11:57:51.667,0.025,0.013,-1.026
2014-12-12 11:57:51.700,0.025,0.013,-1.026
2014-12-12 11:57:51.734,0.025,0.013,-1.026
2014-12-12 11:57:51.767,0.025,0.013,-1.026
2014-12-12 11:57:51.800,0.025,0.013,-1.026
2014-12-12 11:57:51.834,0.025,0.013,-1.026
2014-12-12 11:57:51.867,0.025,0.013,-1.026
2014-12-12 11:57:51.900,0.025,0.013,-1.026
2014-12-12 11:57:51.934,0.025,0.013,-1.026
2014-12-12 11:57:51.967,0.025,0.017,-1.022
2014-12-12 11:57:52.000,0.025,0.013,-1.026
2014-12-12 11:57:52.034,0.025,0.013,-1.026
2014-12-12 11:57:52.067,0.025,0.013,-1.026
2014-12-12 11:57:52.100,0.025,0.013,-1.026
2014-12-12 11:57:52.134,0.025,0.013,-1.026
2014-12-12 11:57:52.167,0.025,0.013,-1.017
2014-12-12 11:57:52.200,0.025,0.013,-1.026
2014-12-12 11:57:52.234,0.025,0.013,-1.026
2014-12-12 11:57:52.267,0.025,0.013,-1.026
2014-12-12 11:57:52.300,0.025,0.013,-1.026
2014-12-12 11:57:52.334,0.025,0.013,-1.026
2014-12-12 11:57:52.367,0.025,0.013,-1.026
2014-12-12 11:57:52.400,0.025,0.013,-1.026
2014-12-12 11:57:52.434,0.033,0.013,-1.026
2014-12-12 11:57:52.467,0.025,0.013,-1.026
2014-12-12 11:57:52.500,0.025,0.013,-1.026
2014-12-12 11:57:52.534,0.025,0.013,-1.026
2014-12-12 11:57:52.567,0.025,0.013,-1.026
2014-12-12 11:57:52.600,0.025,0.013,-1.026
2014-12-12 11:57:52.634,0.025,0.013,-1.026
2014-12-12 11:57:52.667,0.025,0.013,-1.026
2014-12-12 11:57:52.700,0.025,0.013,-1.026
2014-12-12 11:57:52.734,0.025,0.013,-1.026
2014-12-12 11:57:52.767,0.025,0.017,-1.022
2014-12-12 11:57:52.800,0.033,0.013,-1.026
2014-12-12 11:57:52.834,0.025,0.013,-1.022
2014-12-12 11:57:52.867,0.025,0.013,-1.026
2014-12-12 11:57:52.900,0.033,0.013,-1.026
2014-12-12 11:57:52.934,0.025,0.013,-1.026
2014-12-12 11:57:52.967,0.025,0.013,-1.022
2014-12-12 11:57:53.000,0.025,0.013,-1.022
2014-12-12 11:57:53.034,0.025,0.013,-1.026
2014-12-12 11:57:53.067,0.025,0.013,-1.026
2014-12-12 11:57:53.100,0.025,0.013,-1.026
2014-12-12 11:57:53.134,0.033,0.013,-1.017
2014-12-12 11:57:53.167,0.025,0.013,-1.026
2014-12-12 11:57:53.200,0.025,0.013,-1.026
2014-12-12 11:57:53.234,0.025,0.013,-1.022
2014-12-12 11:57:53.267,0.025,0.013,-1.026
2014-12-12 11:57:53.300,0.025,0.013,-1.026
2014-12-12 11:57:53.334,0.025,0.013,-1.026
2014-12-12 11:57:53.367,0.025,0.013,-1.026
2014-12-12 11:57:53.400,0.025,0.013,-1.026
2014-12-12 11:57:53.434,0.025,0.013,-1.026
2014-12-12 11:57:53.467,0.025,0.013,-1.026
2014-12-12 11:57:53.500,0.025,0.013,-1.026
2014-12-12 11:57:53.534,0.025,0.013,-1.026
2014-12-12 11:57:53.567,0.025,0.013,-1.026
2014-12-12 11:57:53.600,0.025,0.013,-1.022
2014-12-12 11:57:53.634,0.025,0.013,-1.026
2014-12-12 11:57:53.667,0.025,0.013,-1.026
2014-12-12 11:57:53.700,0.025,0.013,-1.013
2014-12-12 11:57:53.734,0.025,0.013,-1.026
2014-12-12 11:57:53.767,0.025,0.013,-1.026
2014-12-12 11:57:53.800,0.025,0.013,-1.022
2014-12-12 11:57:53.834,0.025,0.013,-1.022
2014-12-12 11:57:53.867,0.025,0.013,-1.022
2014-12-12 11:57:53.900,0.033,0.013,-1.022
2014-12-12 11:57:53.934,0.025,0.013,-1.022
2014-12-12 11:57:53.967,0.033,0.013,-1.026
2014-12-12 11:57:54.000,0.033,0.013,-1.022
2014-12-12 11:57:54.034,0.025,0.013,-1.026
2014-12-12 11:57:54.067,0.033,0.013,-1.017
2014-12-12 11:57:54.100,0.025,0.013,-1.017
2014-12-12 11:57:54.134,0.025,0.013,-1.017
2014-12-12 11:57:54.167,0.025,0.013,-1.026
2014-12-12 11:57:54.200,0.025,0.013,-1.026
2014-12-12 11:57:54.234,0.025,0.013,-1.026
2014-12-12 11:57:54.267,0.025,0.013,-1.026
2014-12-12 11:57:54.300,0.025,0.013,-1.026
2014-12-12 11:57:54.334,0.033,0.013,-1.026
2014-12-12 11:57:54.367,0.025,0.013,-1.026
2014-12-12 11:57:54.400,0.025,0.013,-1.026
2014-12-12 11:57:54.434,0.025,0.013,-1.026
2014-12-12 11:57:54.467,0.025,0.013,-1.026
2014-12-12 11:57:54.500,0.025,0.013,-1.026
2014-12-12 11:57:54.534,0.025,0.013,-1.026
2014-12-12 11:57:54.567,0.025,0.013,-1.022
2014-12-12 11:57:54.600,0.025,0.013,-1.017
2014-12-12 11:57:54.634,0.025,0.013,-1.017
2014-12-12 11:57:54.667,0.025,0.013,-1.022
2014-12-12 11:57:54.700,0.025,0.013,-1.022
2014-12-12 11:57:54.734,0.025,0.013,-1.022
2014-12-12 11:57:54.767,0.025,0.013,-1.026
2014-12-12 11:57:54.800,0.025,0.013,-1.026
2014-12-12 11:57:54.834,0.033,0.013,-1.022
2014-12-12 11:57:54.867,0.025,0.017,-1.026
2014-12-12 11:57:54.900,0.033,0.013,-1.013
2014-12-12 11:57:54.934,0.025,0.013,-1.022
2014-12-12 11:57:54.967,0.033,0.013,-1.022
2014-12-12 11:57:55.000,0.025,0.013,-1.022
2014-12-12 11:57:55.034,0.025,0.013,-1.026
2014-12-12 11:57:55.067,0.025,0.013,-1.022
2014-12-12 11:57:55.100,0.033,0.013,-1.022
2014-12-12 11:57:55.134,0.025,0.013,-1.026
2014-12-12 11:57:55.167,0.025,0.013,-1.026
2014-12-12 11:57:55.200,0.025,0.013,-1.026
2014-12-12 11:57:55.234,0.025,0.013,-1.026
2014-12-12 11:57:55.267,0.025,0.013,-1.026
2014-12-12 11:57:55.300,0.025,0.013,-1.026
2014-12-12 11:57:55.334,0.025,0.013,-1.026
2014-12-12 11:57:55.367,0.025,0.013,-1.026
2014-12-12 11:57:55.400,0.025,0.013,-1.026
2014-12-12 11:57:55.434,0.025,0.013,-1.026
2014-12-12 11:57:55.467,0.025,0.013,-1.026
2014-12-12 11:57:55.500,0.025,0.013,-1.026
2014-12-12 11:57:55.534,0.025,0.013,-1.026
2014-12-12 11:57:55.567,0.025,0.013,-1.026
2014-12-12 11:57:55.600,0.025,0.013,-1.026
2014-12-12 11:57:55.634,0.025,0.013,-1.026
2014-12-12 11:57:55.667,0.025,0.013,-1.026
2014-12-12 11:57:55.700,0.025,0.013,-1.022
2014-12-12 11:57:55.734,0.025,0.013,-1.026
2014-12-12 11:57:55.767,0.025,0.013,-1.026
2014-12-12 11:57:55.800,0.025,0.013,-1.026
2014-12-12 11:57:55.834,0.025,0.013,-1.026
2014-12-12 11:57:55.867,0.025,0.013,-1.026
2014-12-12 11:57:55.900,0.025,0.013,-1.026
2014-12-12 11:57:55.934,0.033,0.013,-1.022
2014-12-12 11:57:55.967,0.025,0.013,-1.026
2014-12-12 11:57:56.000,0.025,0.013,-1.026
2014-12-12 11:57:56.034,0.025,0.013,-1.026
2014-12-12 11:57:56.067,0.025,0.013,-1.026
2014-12-12 11:57:56.100,0.025,0.013,-1.022
2014-12-12 11:57:56.134,0.025,0.013,-1.026
2014-12-12 11:57:56.167,0.025,0.013,-1.026
2014-12-12 11:57:56.200,0.025,0.013,-1.026
2014-12-12 11:57:56.234,0.025,0.013,-1.026
2014-12-12 11:57:56.267,0.025,0.013,-1.026
2014-12-12 11:57:56.300,0.025,0.013,-1.026
2014-12-12 11:57:56.334,0.025,0.013,-1.026
2014-12-12 11:57:56.367,0.025,0.013,-1.026
2014-12-12 11:57:56.400,0.025,0.013,-1.026
2014-12-12 11:57:56.434,0.025,0.013,-1.026
2014-12-12 11:57:56.467,0.025,0.013,-1.026
2014-12-12 11:57:56.500,0.025,0.013,-1.026
2014-12-12 11:57:56.534,0.025,0.013,-1.026
2014-12-12 11:57:56.567,0.025,0.013,-1.026
2014-12-12 11:57:56.600,0.033,0.013,-1.022
2014-12-12 11:57:56.634,0.025,0.013,-1.026
2014-12-12 11:57:56.667,0.025,0.013,-1.022
2014-12-12 11:57:56.700,0.025,0.013,-1.026
2014-12-12 11:57:56.734,0.025,0.013,-1.026
2014-12-12 11:57:56.767,0.025,0.013,-1.026
2014-12-12 11:57:56.800,0.025,0.013,-1.026
2014-12-12 11:57:56.834,0.025,0.013,-1.026
2014-12-12 11:57:56.867,0.025,0.013,-1.026
2014-12-12 11:57:56.900,0.025,0.013,-1.026
2014-12-12 11:57:56.934,0.025,0.013,-1.026
2014-12-12 11:57:56.967,0.025,0.013,-1.026
2014-12-12 11:57:57.000,0.025,0.013,-1.026
2014-12-12 11:57:57.034,0.033,0.013,-1.026
2014-12-12 11:57:57.067,0.025,0.013,-1.026
2014-12-12 11:57:57.100,0.025,0.013,-1.022
2014-12-12 11:57:57.134,0.025,0.013,-1.026
2014-12-12 11:57:57.167,0.025,0.013,-1.022
2014-12-12 11:57:57.200,0.025,0.013,-1.026
2014-12-12 11:57:57.234,0.025,0.013,-1.026
2014-12-12 11:57:57.267,0.025,0.013,-1.026
2014-12-12 11:57:57.300,0.025,0.013,-1.026
2014-12-12 11:57:57.334,0.025,0.013,-1.026
2014-12-12 11:57:57.367,0.025,0.013,-1.026
2014-12-12 11:57:57.400,0.033,0.013,-1.026
2014-12-12 11:57:57.434,0.025,0.013,-1.026
2014-12-12 11:57:57.467,0.025,0.013,-1.026
2014-12-12 11:57:57.500,0.025,0.013,-1.026
2014-12-12 11:57:57.534,0.025,0.013,-1.026
2014-12-12 11:57:57.567,0.025,0.013,-1.026
2014-12-12 11:57:57.600,0.025,0.013,-1.026
2014-12-12 11:57:57.634,0.033,0.013,-1.026
2014-12-12 11:57:57.667,0.033,0.013,-1.026
2014-12-12 11:57:57.700,0.025,0.013,-1.026
2014-12-12 11:57:57.734,0.025,0.013,-1.026
2014-12-12 11:57:57.767,0.025,0.013,-1.022
2014-12-12 11:57:57.800,0.025,0.013,-1.026
2014-12-12 11:57:57.834,0.025,0.013,-1.026
2014-12-12 11:57:57.867,0.025,0.013,-1.022
2014-12-12 11:57:57.900,0.025,0.013,-1.026
2014-12-12 11:57:57.934,0.033,0.013,-1.026
2014-12-12 11:57:57.967,0.025,0.013,-1.022
2014-12-12 11:57:58.000,0.025,0.013,-1.017
2014-12-12 11:57:58.034,0.025,0.013,-1.026
2014-12-12 11:57:58.067,0.025,0.013,-1.026
2014-12-12 11:57:58.100,0.025,0.013,-1.017
2014-12-12 11:57:58.134,0.025,0.013,-1.026
2014-12-12 11:57:58.167,0.025,0.013,-1.026
2014-12-12 11:57:58.200,0.025,0.013,-1.022
2014-12-12 11:57:58.234,0.025,0.013,-1.026
2014-12-12 11:57:58.267,0.025,0.013,-1.022
2014-12-12 11:57:58.300,0.025,0.013,-1.026
2014-12-12 11:57:58.334,0.025,0.013,-1.026
2014-12-12 11:57:58.367,0.025,0.013,-1.026
2014-12-12 11:57:58.400,0.025,0.013,-1.026
2014-12-12 11:57:58.434,0.025,0.013,-1.026
2014-12-12 11:57:58.467,0.025,0.013,-1.026
2014-12-12 11:57:58.500,0.025,0.013,-1.026
2014-12-12 11:57:58.534,0.025,0.013,-1.026
2014-12-12 11:57:58.567,0.025,0.013,-1.026
2014-12-12 11:57:58.600,0.025,0.013,-1.026
2014-12-12 11:57:58.634,0.025,0.013,-1.026
2014-12-12 11:57:58.667,0.025,0.017,-1.026
2014-12-12 11:57:58.700,0.033,0.013,-1.026
2014-12-12 11:57:58.734,0.025,0.013,-1.026
2014-12-12 11:57:58.767,0.025,0.013,-1.026
2014-12-12 11:57:58.800,0.025,0.013,-1.026
2014-12-12 11:57:58.834,0.025,0.013,-1.026
2014-12-12 11:57:58.867,0.025,0.013,-1.022
2014-12-12 11:57:58.900,0.033,0.013,-1.017
2014-12-12 11:57:58.934,0.025,0.013,-1.017
2014-12-12 11:57:58.967,0.025,0.013,-1.022
2014-12-12 11:57:59.000,0.033,0.013,-1.026
2014-12-12 11:57:59.034,0.025,0.013,-1.026
2014-12-12 11:57:59.067,0.025,0.013,-1.013
2014-12-12 11:57:59.100,0.025,0.013,-1.026
2014-12-12 11:57:59.134,0.025,0.013,-1.022
2014-12-12 11:57:59.167,0.025,0.013,-1.026
2014-12-12 11:57:59.200,0.025,0.013,-1.022
2014-12-12 11:57:59.234,0.025,0.013,-1.026
2014-12-12 11:57:59.267,0.025,0.013,-1.026
2014-12-12 11:57:59.300,0.025,0.013,-1.022
2014-12-12 11:57:59.334,0.025,0.013,-1.026
2014-12-12 11:57:59.367,0.025,0.013,-1.022
2014-12-12 11:57:59.400,0.025,0.013,-1.017
2014-12-12 11:57:59.434,0.025,0.013,-1.022
2014-12-12 11:57:59.467,0.025,0.013,-1.026
2014-12-12 11:57:59.500,0.025,0.013,-1.026
2014-12-12 11:57:59.534,0.025,0.013,-1.022
2014-12-12 11:57:59.567,0.033,0.013,-1.022
2014-12-12 11:57:59.600,0.025,0.013,-1.026
2014-12-12 11:57:59.634,0.025,0.013,-1.026
2014-12-12 11:57:59.667,0.025,0.013,-1.026
2014-12-12 11:57:59.700,0.025,0.013,-1.026
2014-12-12 11:57:59.734,0.025,0.013,-1.026
2014-12-12 11:57:59.767,0.025,0.017,-1.026
2014-12-12 11:57:59.800,0.025,0.013,-1.022
2014-12-12 11:57:59.834,0.025,0.013,-1.026
2014-12-12 11:57:59.867,0.025,0.013,-1.026
2014-12-12 11:57:59.900,0.025,0.013,-1.022
2014-12-12 11:57:59.934,0.025,0.013,-1.026
2014-12-12 11:57:59.967,0.025,0.013,-1.026
2014-12-12 11:58:00.000,0.025,0.017,-1.026
2014-12-12 11:58:00.034,0.025,0.013,-1.022
2014-12-12 11:58:00.067,0.033,0.013,-1.026
2014-12-12 11:58:00.100,0.025,0.013,-1.013
2014-12-12 11:58:00.134,0.025,0.013,-1.013
2014-12-12 11:58:00.167,0.033,0.013,-1.026
2014-12-12 11:58:00.200,0.025,0.013,-1.026
2014-12-12 11:58:00.234,0.025,0.013,-1.026
2014-12-12 11:58:00.267,0.025,0.013,-1.026
2014-12-12 11:58:00.300,0.025,0.013,-1.026
2014-12-12 11:58:00.334,0.025,0.013,-1.026
2014-12-12 11:58:00.367,0.025,0.013,-1.026
2014-12-12 11:58:00.400,0.025,0.013,-1.026
2014-12-12 11:58:00.434,0.025,0.013,-1.017
2014-12-12 11:58:00.467,0.025,0.013,-1.026
2014-12-12 11:58:00.500,0.025,0.013,-1.026
2014-12-12 11:58:00.534,0.025,0.013,-1.026
2014-12-12 11:58:00.567,0.025,0.013,-1.026
2014-12-12 11:58:00.600,0.025,0.013,-1.026
2014-12-12 11:58:00.634,0.025,0.013,-1.026
2014-12-12 11:58:00.667,0.025,0.013,-1.022
2014-12-12 11:58:00.700,0.025,0.013,-1.026
2014-12-12 11:58:00.734,0.025,0.013,-1.013
2014-12-12 11:58:00.767,0.025,0.013,-1.022
2014-12-12 11:58:00.800,0.025,0.013,-1.026
2014-12-12 11:58:00.834,0.025,0.013,-1.026
2014-12-12 11:58:00.867,0.025,0.013,-1.022
2014-12-12 11:58:00.900,0.025,0.013,-1.026
2014-12-12 11:58:00.934,0.025,0.013,-1.026
2014-12-12 11:58:00.967,0.025,0.013,-1.022
2014-12-12 11:58:01.000,0.025,0.013,-1.026
2014-12-12 11:58:01.034,0.025,0.013,-1.026
2014-12-12 11:58:01.067,0.033,0.013,-1.022
2014-12-12 11:58:01.100,0.025,0.013,-1.026
2014-12-12 11:58:01.134,0.025,0.013,-1.026
2014-12-12 11:58:01.167,0.025,0.013,-1.026
2014-12-12 11:58:01.200,0.025,0.013,-1.026
2014-12-12 11:58:01.234,0.025,0.013,-1.026
2014-12-12 11:58:01.267,0.025,0.013,-1.026
2014-12-12 11:58:01.300,0.033,0.013,-1.022
2014-12-12 11:58:01.334,0.025,0.013,-1.026
2014-12-12 11:58:01.367,0.025,0.013,-1.026
2014-12-12 11:58:01.400,0.025,0.013,-1.022
2014-12-12 11:58:01.434,0.025,0.013,-1.026
2014-12-12 11:58:01.467,0.025,0.013,-1.026
2014-12-12 11:58:01.500,0.025,0.013,-1.026
2014-12-12 11:58:01.534,0.025,0.013,-1.026
2014-12-12 11:58:01.567,0.025,0.013,-1.026
2014-12-12 11:58:01.600,0.025,0.013,-1.026
2014-12-12 11:58:01.634,0.025,0.013,-1.022
2014-12-12 11:58:01.667,0.025,0.013,-1.026
2014-12-12 11:58:01.700,0.025,0.013,-1.026
2014-12-12 11:58:01.734,0.025,0.013,-1.026
2014-12-12 11:58:01.767,0.025,0.013,-1.026
2014-12-12 11:58:01.800,0.025,0.013,-1.026
2014-12-12 11:58:01.834,0.025,0.013,-1.026
2014-12-12 11:58:01.867,0.025,0.013,-1.026
2014-12-12 11:58:01.900,0.025,0.013,-1.026
2014-12-12 11:58:01.934,0.02